Site,Parameter,Date (LT),Year,Month,Day,Hour,NowCast Conc.,AQI,AQI Category,Raw Conc.,Conc. Unit,Duration,QC Name
Phora Durbar Kathmandu,O3,2025-01-16 05:00 AM,2025,01,16,05,5.0,5,Good,0.0,PPB,1 Hr,Valid
Phora Durbar Kathmandu,O3,2025-01-16 06:00 AM,2025,01,16,06,8.0,7,Good,5.0,PPB,1 Hr,Valid
Phora Durbar Kathmandu,O3,2025-01-16 07:00 AM,2025,01,16,07,9.0,8,Good,5.0,PPB,1 Hr,Valid
Phora Durbar Kathmandu,O3,2025-01-16 08:00 AM,2025,01,16,08,7.0,6,Good,3.0,PPB,1 Hr,Valid
Phora Durbar Kathmandu,O3,2025-01-16 09:00 AM,2025,01,16,09,8.0,7,Good,4.0,PPB,1 Hr,Valid
Phora Durbar Kathmandu,O3,2025-01-16 10:00 AM,2025,01,16,10,12.0,11,Good,9.0,PPB,1 Hr,Valid
Phora Durbar Kathmandu,O3,2025-01-16 11:00 AM,2025,01,16,11,24.0,22,Good,23.0,PPB,1 Hr,Valid
Phora Durbar Kathmandu,O3,2025-01-16 12:00 PM,2025,01,16,12,42.0,39,Good,44.0,PPB,1 Hr,Valid
Phora Durbar Kathmandu,O3,2025-01-16 01:00 PM,2025,01,16,13,53.0,49,Good,57.0,PPB,1 Hr,Valid
Phora Durbar Kathmandu,O3,2025-01-16 02:00 PM,2025,01,16,14,52.0,48,Good,56.0,PPB,1 Hr,Valid
Phora Durbar Kathmandu,O3,2025-01-16 03:00 PM,2025,01,16,15,48.0,44,Good,52.0,PPB,1 Hr,Valid
Phora Durbar Kathmandu,O3,2025-01-16 04:00 PM,2025,01,16,16,42.0,39,Good,44.0,PPB,1 Hr,Valid
Phora Durbar Kathmandu,O3,2025-01-16 05:00 PM,2025,01,16,17,35.0,32,Good,36.0,PPB,1 Hr,Valid
Phora Durbar Kathmandu,O3,2025-01-16 06:00 PM,2025,01,16,18,29.0,27,Good,29.0,PPB,1 Hr,Valid
Phora Durbar Kathmandu,O3,2025-01-16 07:00 PM,2025,01,16,19,14.0,13,Good,11.0,PPB,1 Hr,Valid
Phora Durbar Kathmandu,O3,2025-01-16 08:00 PM,2025,01,16,20,11.0,10,Good,8.0,PPB,1 Hr,Valid
Phora Durbar Kathmandu,O3,2025-01-16 09:00 PM,2025,01,16,21,6.0,6,Good,2.0,PPB,1 Hr,Valid
Phora Durbar Kathmandu,O3,2025-01-16 10:00 PM,2025,01,16,22,7.0,6,Good,3.0,PPB,1 Hr,Valid
Phora Durbar Kathmandu,O3,2025-01-16 11:00 PM,2025,01,16,23,29.0,27,Good,29.0,PPB,1 Hr,Valid
Phora Durbar Kathmandu,O3,2025-01-17 12:00 AM,2025,01,17,00,22.0,20,Good,20.0,PPB,1 Hr,Valid
Phora Durbar Kathmandu,O3,2025-01-17 01:00 AM,2025,01,17,01,12.0,11,Good,9.0,PPB,1 Hr,Valid
Phora Durbar Kathmandu,O3,2025-01-17 02:00 AM,2025,01,17,02,9.0,8,Good,6.0,PPB,1 Hr,Valid
Phora Durbar Kathmandu,O3,2025-01-17 03:00 AM,2025,01,17,03,8.0,7,Good,4.0,PPB,1 Hr,Valid
Phora Durbar Kathmandu,O3,2025-01-17 04:00 AM,2025,01,17,04,7.0,6,Good,3.0,PPB,1 Hr,Valid
Phora Durbar Kathmandu,O3,2025-01-17 05:00 AM,2025,01,17,05,6.0,6,Good,1.0,PPB,1 Hr,Valid
Phora Durbar Kathmandu,O3,2025-01-17 06:00 AM,2025,01,17,06,5.0,5,Good,1.0,PPB,1 Hr,Valid
Phora Durbar Kathmandu,O3,2025-01-17 07:00 AM,2025,01,17,07,6.0,6,Good,2.0,PPB,1 Hr,Valid
Phora Durbar Kathmandu,O3,2025-01-17 08:00 AM,2025,01,17,08,6.0,6,Good,2.0,PPB,1 Hr,Valid
Phora Durbar Kathmandu,O3,2025-01-17 09:00 AM,2025,01,17,09,7.0,6,Good,3.0,PPB,1 Hr,Valid
Phora Durbar Kathmandu,O3,2025-01-17 10:00 AM,2025,01,17,10,10.0,9,Good,6.0,PPB,1 Hr,Valid
Phora Durbar Kathmandu,O3,2025-01-17 11:00 AM,2025,01,17,11,27.0,25,Good,27.0,PPB,1 Hr,Valid
Phora Durbar Kathmandu,O3,2025-01-17 12:00 PM,2025,01,17,12,45.0,42,Good,47.0,PPB,1 Hr,Valid
Phora Durbar Kathmandu,O3,2025-01-17 01:00 PM,2025,01,17,13,43.0,40,Good,45.0,PPB,1 Hr,Valid
Phora Durbar Kathmandu,O3,2025-01-17 02:00 PM,2025,01,17,14,32.0,30,Good,33.0,PPB,1 Hr,Valid
Phora Durbar Kathmandu,O3,2025-01-17 03:00 PM,2025,01,17,15,36.0,33,Good,37.0,PPB,1 Hr,Valid
Phora Durbar Kathmandu,O3,2025-01-17 04:00 PM,2025,01,17,16,33.0,31,Good,34.0,PPB,1 Hr,Valid
Phora Durbar Kathmandu,O3,2025-01-17 05:00 PM,2025,01,17,17,30.0,28,Good,30.0,PPB,1 Hr,Valid
Phora Durbar Kathmandu,O3,2025-01-17 06:00 PM,2025,01,17,18,14.0,13,Good,11.0,PPB,1 Hr,Valid
Phora Durbar Kathmandu,O3,2025-01-17 07:00 PM,2025,01,17,19,6.0,6,Good,2.0,PPB,1 Hr,Valid
Phora Durbar Kathmandu,O3,2025-01-17 08:00 PM,2025,01,17,20,7.0,6,Good,2.0,PPB,1 Hr,Valid
Phora Durbar Kathmandu,O3,2025-01-17 09:00 PM,2025,01,17,21,6.0,6,Good,2.0,PPB,1 Hr,Valid
Phora Durbar Kathmandu,O3,2025-01-17 10:00 PM,2025,01,17,22,7.0,6,Good,3.0,PPB,1 Hr,Valid
Phora Durbar Kathmandu,O3,2025-01-17 11:00 PM,2025,01,17,23,5.0,5,Good,1.0,PPB,1 Hr,Valid
Phora Durbar Kathmandu,O3,2025-01-18 12:00 AM,2025,01,18,00,4.0,4,Good,0.0,PPB,1 Hr,Valid
Phora Durbar Kathmandu,O3,2025-01-18 01:00 AM,2025,01,18,01,4.0,4,Good,0.0,PPB,1 Hr,Valid
Phora Durbar Kathmandu,O3,2025-01-18 02:00 AM,2025,01,18,02,4.0,4,Good,0.0,PPB,1 Hr,Valid
Phora Durbar Kathmandu,O3,2025-01-18 03:00 AM,2025,01,18,03,5.0,5,Good,1.0,PPB,1 Hr,Valid
Phora Durbar Kathmandu,O3,2025-01-18 04:00 AM,2025,01,18,04,5.0,5,Good,1.0,PPB,1 Hr,Valid
Phora Durbar Kathmandu,O3,2025-01-18 05:00 AM,2025,01,18,05,10.0,9,Good,6.0,PPB,1 Hr,Valid
Phora Durbar Kathmandu,O3,2025-01-18 06:00 AM,2025,01,18,06,15.0,14,Good,12.0,PPB,1 Hr,Valid
Phora Durbar Kathmandu,O3,2025-01-18 07:00 AM,2025,01,18,07,12.0,11,Good,9.0,PPB,1 Hr,Valid
Phora Durbar Kathmandu,O3,2025-01-18 08:00 AM,2025,01,18,08,6.0,6,Good,2.0,PPB,1 Hr,Valid
Phora Durbar Kathmandu,O3,2025-01-18 09:00 AM,2025,01,18,09,7.0,6,Good,3.0,PPB,1 Hr,Valid
Phora Durbar Kathmandu,O3,2025-01-18 10:00 AM,2025,01,18,10,10.0,9,Good,6.0,PPB,1 Hr,Valid
Phora Durbar Kathmandu,O3,2025-01-18 11:00 AM,2025,01,18,11,24.0,22,Good,23.0,PPB,1 Hr,Valid
Phora Durbar Kathmandu,O3,2025-01-18 12:00 PM,2025,01,18,12,33.0,31,Good,34.0,PPB,1 Hr,Valid
Phora Durbar Kathmandu,O3,2025-01-18 01:00 PM,2025,01,18,13,30.0,28,Good,30.0,PPB,1 Hr,Valid
Phora Durbar Kathmandu,O3,2025-01-18 02:00 PM,2025,01,18,14,30.0,28,Good,31.0,PPB,1 Hr,Valid
Phora Durbar Kathmandu,O3,2025-01-18 03:00 PM,2025,01,18,15,30.0,28,Good,30.0,PPB,1 Hr,Valid
Phora Durbar Kathmandu,O3,2025-01-18 04:00 PM,2025,01,18,16,28.0,26,Good,28.0,PPB,1 Hr,Valid
Phora Durbar Kathmandu,O3,2025-01-18 05:00 PM,2025,01,18,17,25.0,23,Good,24.0,PPB,1 Hr,Valid
Phora Durbar Kathmandu,O3,2025-01-18 06:00 PM,2025,01,18,18,20.0,19,Good,18.0,PPB,1 Hr,Valid
Phora Durbar Kathmandu,O3,2025-01-18 07:00 PM,2025,01,18,19,8.0,7,Good,4.0,PPB,1 Hr,Valid
Phora Durbar Kathmandu,O3,2025-01-18 08:00 PM,2025,01,18,20,6.0,6,Good,2.0,PPB,1 Hr,Valid
Phora Durbar Kathmandu,O3,2025-01-18 09:00 PM,2025,01,18,21,6.0,6,Good,2.0,PPB,1 Hr,Valid
Phora Durbar Kathmandu,O3,2025-01-18 10:00 PM,2025,01,18,22,7.0,6,Good,2.0,PPB,1 Hr,Valid
Phora Durbar Kathmandu,O3,2025-01-18 11:00 PM,2025,01,18,23,4.0,4,Good,0.0,PPB,1 Hr,Valid
Phora Durbar Kathmandu,O3,2025-01-19 12:00 AM,2025,01,19,00,4.0,4,Good,0.0,PPB,1 Hr,Valid
Phora Durbar Kathmandu,O3,2025-01-19 01:00 AM,2025,01,19,01,4.0,4,Good,0.0,PPB,1 Hr,Valid
Phora Durbar Kathmandu,O3,2025-01-19 02:00 AM,2025,01,19,02,5.0,5,Good,1.0,PPB,1 Hr,Valid
Phora Durbar Kathmandu,O3,2025-01-19 03:00 AM,2025,01,19,03,10.0,9,Good,7.0,PPB,1 Hr,Valid
Phora Durbar Kathmandu,O3,2025-01-19 04:00 AM,2025,01,19,04,16.0,15,Good,13.0,PPB,1 Hr,Valid
Phora Durbar Kathmandu,O3,2025-01-19 05:00 AM,2025,01,19,05,26.0,24,Good,25.0,PPB,1 Hr,Valid
Phora Durbar Kathmandu,O3,2025-01-19 06:00 AM,2025,01,19,06,23.0,21,Good,22.0,PPB,1 Hr,Valid
Phora Durbar Kathmandu,O3,2025-01-19 07:00 AM,2025,01,19,07,23.0,21,Good,-999.0,PPB,1 Hr,Missing
Phora Durbar Kathmandu,O3,2025-01-19 08:00 AM,2025,01,19,08,13.0,12,Good,10.0,PPB,1 Hr,Valid
Phora Durbar Kathmandu,O3,2025-01-19 09:00 AM,2025,01,19,09,10.0,9,Good,7.0,PPB,1 Hr,Valid
Phora Durbar Kathmandu,O3,2025-01-19 10:00 AM,2025,01,19,10,15.0,14,Good,12.0,PPB,1 Hr,Valid
Phora Durbar Kathmandu,O3,2025-01-19 11:00 AM,2025,01,19,11,28.0,26,Good,27.0,PPB,1 Hr,Valid
Phora Durbar Kathmandu,O3,2025-01-19 12:00 PM,2025,01,19,12,40.0,37,Good,42.0,PPB,1 Hr,Valid
Phora Durbar Kathmandu,O3,2025-01-19 01:00 PM,2025,01,19,13,51.0,47,Good,54.0,PPB,1 Hr,Valid
Phora Durbar Kathmandu,O3,2025-01-19 02:00 PM,2025,01,19,14,50.0,46,Good,53.0,PPB,1 Hr,Valid
Phora Durbar Kathmandu,O3,2025-01-19 03:00 PM,2025,01,19,15,33.0,31,Good,34.0,PPB,1 Hr,Valid
Phora Durbar Kathmandu,O3,2025-01-19 04:00 PM,2025,01,19,16,28.0,26,Good,28.0,PPB,1 Hr,Valid
Phora Durbar Kathmandu,O3,2025-01-19 05:00 PM,2025,01,19,17,25.0,23,Good,24.0,PPB,1 Hr,Valid
Phora Durbar Kathmandu,O3,2025-01-19 06:00 PM,2025,01,19,18,18.0,17,Good,16.0,PPB,1 Hr,Valid
Phora Durbar Kathmandu,O3,2025-01-19 07:00 PM,2025,01,19,19,8.0,7,Good,4.0,PPB,1 Hr,Valid
Phora Durbar Kathmandu,O3,2025-01-19 08:00 PM,2025,01,19,20,5.0,5,Good,1.0,PPB,1 Hr,Valid
Phora Durbar Kathmandu,O3,2025-01-19 09:00 PM,2025,01,19,21,5.0,5,Good,1.0,PPB,1 Hr,Valid
Phora Durbar Kathmandu,O3,2025-01-19 10:00 PM,2025,01,19,22,4.0,4,Good,0.0,PPB,1 Hr,Valid
Phora Durbar Kathmandu,O3,2025-01-19 11:00 PM,2025,01,19,23,3.0,3,Good,0.0,PPB,1 Hr,Valid
Phora Durbar Kathmandu,O3,2025-01-20 12:00 AM,2025,01,20,00,3.0,3,Good,-1.0,PPB,1 Hr,Valid
Phora Durbar Kathmandu,O3,2025-01-20 01:00 AM,2025,01,20,01,4.0,4,Good,0.0,PPB,1 Hr,Valid
Phora Durbar Kathmandu,O3,2025-01-20 02:00 AM,2025,01,20,02,5.0,5,Good,1.0,PPB,1 Hr,Valid
Phora Durbar Kathmandu,O3,2025-01-20 03:00 AM,2025,01,20,03,6.0,6,Good,1.0,PPB,1 Hr,Valid
Phora Durbar Kathmandu,O3,2025-01-20 04:00 AM,2025,01,20,04,11.0,10,Good,7.0,PPB,1 Hr,Valid
Phora Durbar Kathmandu,O3,2025-01-20 05:00 AM,2025,01,20,05,9.0,8,Good,5.0,PPB,1 Hr,Valid
Phora Durbar Kathmandu,O3,2025-01-20 06:00 AM,2025,01,20,06,11.0,10,Good,8.0,PPB,1 Hr,Valid
Phora Durbar Kathmandu,O3,2025-01-20 07:00 AM,2025,01,20,07,9.0,8,Good,6.0,PPB,1 Hr,Valid
Phora Durbar Kathmandu,O3,2025-01-20 08:00 AM,2025,01,20,08,16.0,15,Good,14.0,PPB,1 Hr,Valid
Phora Durbar Kathmandu,O3,2025-01-20 09:00 AM,2025,01,20,09,11.0,10,Good,8.0,PPB,1 Hr,Valid
Phora Durbar Kathmandu,O3,2025-01-20 10:00 AM,2025,01,20,10,9.0,8,Good,6.0,PPB,1 Hr,Valid
Phora Durbar Kathmandu,O3,2025-01-20 11:00 AM,2025,01,20,11,26.0,24,Good,25.0,PPB,1 Hr,Valid
Phora Durbar Kathmandu,O3,2025-01-20 12:00 PM,2025,01,20,12,44.0,41,Good,46.0,PPB,1 Hr,Valid
Phora Durbar Kathmandu,O3,2025-01-20 01:00 PM,2025,01,20,13,64.0,80,Moderate,70.0,PPB,1 Hr,Valid
Phora Durbar Kathmandu,O3,2025-01-20 02:00 PM,2025,01,20,14,69.0,97,Moderate,76.0,PPB,1 Hr,Valid
Phora Durbar Kathmandu,O3,2025-01-20 03:00 PM,2025,01,20,15,40.0,37,Good,41.0,PPB,1 Hr,Valid
Phora Durbar Kathmandu,O3,2025-01-20 04:00 PM,2025,01,20,16,28.0,26,Good,28.0,PPB,1 Hr,Valid
Phora Durbar Kathmandu,O3,2025-01-20 05:00 PM,2025,01,20,17,22.0,20,Good,20.0,PPB,1 Hr,Valid
Phora Durbar Kathmandu,O3,2025-01-20 06:00 PM,2025,01,20,18,17.0,16,Good,15.0,PPB,1 Hr,Valid
Phora Durbar Kathmandu,O3,2025-01-20 07:00 PM,2025,01,20,19,6.0,6,Good,2.0,PPB,1 Hr,Valid
Phora Durbar Kathmandu,O3,2025-01-20 08:00 PM,2025,01,20,20,5.0,5,Good,1.0,PPB,1 Hr,Valid
Phora Durbar Kathmandu,O3,2025-01-20 09:00 PM,2025,01,20,21,4.0,4,Good,0.0,PPB,1 Hr,Valid
Phora Durbar Kathmandu,O3,2025-01-20 10:00 PM,2025,01,20,22,4.0,4,Good,0.0,PPB,1 Hr,Valid
Phora Durbar Kathmandu,O3,2025-01-20 11:00 PM,2025,01,20,23,13.0,12,Good,10.0,PPB,1 Hr,Valid
Phora Durbar Kathmandu,O3,2025-01-21 12:00 AM,2025,01,21,00,11.0,10,Good,8.0,PPB,1 Hr,Valid
Phora Durbar Kathmandu,O3,2025-01-21 01:00 AM,2025,01,21,01,9.0,8,Good,5.0,PPB,1 Hr,Valid
Phora Durbar Kathmandu,O3,2025-01-21 02:00 AM,2025,01,21,02,8.0,7,Good,4.0,PPB,1 Hr,Valid
Phora Durbar Kathmandu,O3,2025-01-21 03:00 AM,2025,01,21,03,10.0,9,Good,7.0,PPB,1 Hr,Valid
Phora Durbar Kathmandu,O3,2025-01-21 04:00 AM,2025,01,21,04,8.0,7,Good,4.0,PPB,1 Hr,Valid
Phora Durbar Kathmandu,O3,2025-01-21 05:00 AM,2025,01,21,05,11.0,10,Good,7.0,PPB,1 Hr,Valid
Phora Durbar Kathmandu,O3,2025-01-21 06:00 AM,2025,01,21,06,13.0,12,Good,10.0,PPB,1 Hr,Valid
Phora Durbar Kathmandu,O3,2025-01-21 07:00 AM,2025,01,21,07,11.0,10,Good,7.0,PPB,1 Hr,Valid
Phora Durbar Kathmandu,O3,2025-01-21 08:00 AM,2025,01,21,08,14.0,13,Good,11.0,PPB,1 Hr,Valid
Phora Durbar Kathmandu,O3,2025-01-21 09:00 AM,2025,01,21,09,9.0,8,Good,5.0,PPB,1 Hr,Valid
Phora Durbar Kathmandu,O3,2025-01-21 10:00 AM,2025,01,21,10,11.0,10,Good,8.0,PPB,1 Hr,Valid
Phora Durbar Kathmandu,O3,2025-01-21 11:00 AM,2025,01,21,11,26.0,24,Good,25.0,PPB,1 Hr,Valid
Phora Durbar Kathmandu,O3,2025-01-21 12:00 PM,2025,01,21,12,48.0,44,Good,51.0,PPB,1 Hr,Valid
Phora Durbar Kathmandu,O3,2025-01-21 01:00 PM,2025,01,21,13,59.0,64,Moderate,64.0,PPB,1 Hr,Valid
Phora Durbar Kathmandu,O3,2025-01-21 02:00 PM,2025,01,21,14,28.0,26,Good,28.0,PPB,1 Hr,Valid
Phora Durbar Kathmandu,O3,2025-01-21 03:00 PM,2025,01,21,15,29.0,27,Good,29.0,PPB,1 Hr,Valid
Phora Durbar Kathmandu,O3,2025-01-21 04:00 PM,2025,01,21,16,28.0,26,Good,28.0,PPB,1 Hr,Valid
Phora Durbar Kathmandu,O3,2025-01-21 05:00 PM,2025,01,21,17,22.0,20,Good,21.0,PPB,1 Hr,Valid
Phora Durbar Kathmandu,O3,2025-01-21 06:00 PM,2025,01,21,18,18.0,17,Good,16.0,PPB,1 Hr,Valid
Phora Durbar Kathmandu,O3,2025-01-21 07:00 PM,2025,01,21,19,11.0,10,Good,7.0,PPB,1 Hr,Valid
Phora Durbar Kathmandu,O3,2025-01-21 08:00 PM,2025,01,21,20,6.0,6,Good,2.0,PPB,1 Hr,Valid
Phora Durbar Kathmandu,O3,2025-01-21 09:00 PM,2025,01,21,21,5.0,5,Good,1.0,PPB,1 Hr,Valid
Phora Durbar Kathmandu,O3,2025-01-21 10:00 PM,2025,01,21,22,4.0,4,Good,0.0,PPB,1 Hr,Valid
Phora Durbar Kathmandu,O3,2025-01-21 11:00 PM,2025,01,21,23,4.0,4,Good,0.0,PPB,1 Hr,Valid
Phora Durbar Kathmandu,O3,2025-01-22 12:00 AM,2025,01,22,00,3.0,3,Good,0.0,PPB,1 Hr,Valid
Phora Durbar Kathmandu,O3,2025-01-22 01:00 AM,2025,01,22,01,12.0,11,Good,9.0,PPB,1 Hr,Valid
Phora Durbar Kathmandu,O3,2025-01-22 02:00 AM,2025,01,22,02,20.0,19,Good,19.0,PPB,1 Hr,Valid
Phora Durbar Kathmandu,O3,2025-01-22 03:00 AM,2025,01,22,03,9.0,8,Good,5.0,PPB,1 Hr,Valid
Phora Durbar Kathmandu,O3,2025-01-22 04:00 AM,2025,01,22,04,16.0,15,Good,13.0,PPB,1 Hr,Valid
Phora Durbar Kathmandu,O3,2025-01-22 05:00 AM,2025,01,22,05,14.0,13,Good,11.0,PPB,1 Hr,Valid
Phora Durbar Kathmandu,O3,2025-01-22 06:00 AM,2025,01,22,06,10.0,9,Good,6.0,PPB,1 Hr,Valid
Phora Durbar Kathmandu,O3,2025-01-22 07:00 AM,2025,01,22,07,10.0,9,Good,-999.0,PPB,1 Hr,Missing
Phora Durbar Kathmandu,O3,2025-01-22 08:00 AM,2025,01,22,08,11.0,10,Good,8.0,PPB,1 Hr,Valid
Phora Durbar Kathmandu,O3,2025-01-22 09:00 AM,2025,01,22,09,8.0,7,Good,5.0,PPB,1 Hr,Valid
Phora Durbar Kathmandu,O3,2025-01-22 10:00 AM,2025,01,22,10,13.0,12,Good,10.0,PPB,1 Hr,Valid
Phora Durbar Kathmandu,O3,2025-01-22 11:00 AM,2025,01,22,11,33.0,31,Good,34.0,PPB,1 Hr,Valid
Phora Durbar Kathmandu,O3,2025-01-22 12:00 PM,2025,01,22,12,54.0,50,Good,59.0,PPB,1 Hr,Valid
Phora Durbar Kathmandu,O3,2025-01-22 01:00 PM,2025,01,22,13,30.0,28,Good,30.0,PPB,1 Hr,Valid
Phora Durbar Kathmandu,O3,2025-01-22 02:00 PM,2025,01,22,14,24.0,22,Good,24.0,PPB,1 Hr,Valid
Phora Durbar Kathmandu,O3,2025-01-22 03:00 PM,2025,01,22,15,28.0,26,Good,28.0,PPB,1 Hr,Valid
Phora Durbar Kathmandu,O3,2025-01-22 04:00 PM,2025,01,22,16,31.0,29,Good,31.0,PPB,1 Hr,Valid
Phora Durbar Kathmandu,O3,2025-01-22 05:00 PM,2025,01,22,17,27.0,25,Good,27.0,PPB,1 Hr,Valid
Phora Durbar Kathmandu,O3,2025-01-22 06:00 PM,2025,01,22,18,15.0,14,Good,13.0,PPB,1 Hr,Valid
Phora Durbar Kathmandu,O3,2025-01-22 07:00 PM,2025,01,22,19,8.0,7,Good,4.0,PPB,1 Hr,Valid
Phora Durbar Kathmandu,O3,2025-01-22 08:00 PM,2025,01,22,20,5.0,5,Good,1.0,PPB,1 Hr,Valid
Phora Durbar Kathmandu,O3,2025-01-22 09:00 PM,2025,01,22,21,4.0,4,Good,0.0,PPB,1 Hr,Valid
Phora Durbar Kathmandu,O3,2025-01-22 10:00 PM,2025,01,22,22,6.0,6,Good,2.0,PPB,1 Hr,Valid
Phora Durbar Kathmandu,O3,2025-01-22 11:00 PM,2025,01,22,23,11.0,10,Good,7.0,PPB,1 Hr,Valid
Phora Durbar Kathmandu,O3,2025-01-23 12:00 AM,2025,01,23,00,8.0,7,Good,5.0,PPB,1 Hr,Valid
Phora Durbar Kathmandu,O3,2025-01-23 01:00 AM,2025,01,23,01,6.0,6,Good,2.0,PPB,1 Hr,Valid
Phora Durbar Kathmandu,O3,2025-01-23 02:00 AM,2025,01,23,02,20.0,19,Good,18.0,PPB,1 Hr,Valid
Phora Durbar Kathmandu,O3,2025-01-23 03:00 AM,2025,01,23,03,20.0,19,Good,19.0,PPB,1 Hr,Valid
Phora Durbar Kathmandu,O3,2025-01-23 04:00 AM,2025,01,23,04,17.0,16,Good,14.0,PPB,1 Hr,Valid
Phora Durbar Kathmandu,O3,2025-01-23 05:00 AM,2025,01,23,05,10.0,9,Good,6.0,PPB,1 Hr,Valid
Phora Durbar Kathmandu,O3,2025-01-23 06:00 AM,2025,01,23,06,7.0,6,Good,4.0,PPB,1 Hr,Valid
Phora Durbar Kathmandu,O3,2025-01-23 07:00 AM,2025,01,23,07,5.0,5,Good,1.0,PPB,1 Hr,Valid
Phora Durbar Kathmandu,O3,2025-01-23 08:00 AM,2025,01,23,08,7.0,6,Good,3.0,PPB,1 Hr,Valid
Phora Durbar Kathmandu,O3,2025-01-23 09:00 AM,2025,01,23,09,6.0,6,Good,2.0,PPB,1 Hr,Valid
Phora Durbar Kathmandu,O3,2025-01-23 10:00 AM,2025,01,23,10,10.0,9,Good,7.0,PPB,1 Hr,Valid
Phora Durbar Kathmandu,O3,2025-01-23 11:00 AM,2025,01,23,11,28.0,26,Good,28.0,PPB,1 Hr,Valid
Phora Durbar Kathmandu,O3,2025-01-23 12:00 PM,2025,01,23,12,51.0,47,Good,55.0,PPB,1 Hr,Valid
Phora Durbar Kathmandu,O3,2025-01-23 01:00 PM,2025,01,23,13,57.0,58,Moderate,62.0,PPB,1 Hr,Valid
Phora Durbar Kathmandu,O3,2025-01-23 02:00 PM,2025,01,23,14,26.0,24,Good,26.0,PPB,1 Hr,Valid
Phora Durbar Kathmandu,O3,2025-01-23 03:00 PM,2025,01,23,15,28.0,26,Good,28.0,PPB,1 Hr,Valid
Phora Durbar Kathmandu,O3,2025-01-23 04:00 PM,2025,01,23,16,28.0,26,Good,28.0,PPB,1 Hr,Valid
Phora Durbar Kathmandu,O3,2025-01-23 05:00 PM,2025,01,23,17,27.0,25,Good,26.0,PPB,1 Hr,Valid
Phora Durbar Kathmandu,O3,2025-01-23 06:00 PM,2025,01,23,18,23.0,21,Good,22.0,PPB,1 Hr,Valid
Phora Durbar Kathmandu,O3,2025-01-23 07:00 PM,2025,01,23,19,9.0,8,Good,6.0,PPB,1 Hr,Valid
Phora Durbar Kathmandu,O3,2025-01-23 08:00 PM,2025,01,23,20,5.0,5,Good,1.0,PPB,1 Hr,Valid
Phora Durbar Kathmandu,O3,2025-01-23 09:00 PM,2025,01,23,21,5.0,5,Good,0.0,PPB,1 Hr,Valid
Phora Durbar Kathmandu,O3,2025-01-23 10:00 PM,2025,01,23,22,5.0,5,Good,1.0,PPB,1 Hr,Valid
Phora Durbar Kathmandu,O3,2025-01-23 11:00 PM,2025,01,23,23,6.0,6,Good,1.0,PPB,1 Hr,Valid
Phora Durbar Kathmandu,O3,2025-01-24 12:00 AM,2025,01,24,00,4.0,4,Good,0.0,PPB,1 Hr,Valid
Phora Durbar Kathmandu,O3,2025-01-24 01:00 AM,2025,01,24,01,5.0,5,Good,0.0,PPB,1 Hr,Valid
Phora Durbar Kathmandu,O3,2025-01-24 02:00 AM,2025,01,24,02,12.0,11,Good,9.0,PPB,1 Hr,Valid
Phora Durbar Kathmandu,O3,2025-01-24 03:00 AM,2025,01,24,03,13.0,12,Good,11.0,PPB,1 Hr,Valid
Phora Durbar Kathmandu,O3,2025-01-24 04:00 AM,2025,01,24,04,11.0,10,Good,7.0,PPB,1 Hr,Valid
Phora Durbar Kathmandu,O3,2025-01-24 05:00 AM,2025,01,24,05,6.0,6,Good,2.0,PPB,1 Hr,Valid
Phora Durbar Kathmandu,O3,2025-01-24 06:00 AM,2025,01,24,06,4.0,4,Good,0.0,PPB,1 Hr,Valid
Phora Durbar Kathmandu,O3,2025-01-24 07:00 AM,2025,01,24,07,6.0,6,Good,2.0,PPB,1 Hr,Valid
Phora Durbar Kathmandu,O3,2025-01-24 08:00 AM,2025,01,24,08,6.0,6,Good,1.0,PPB,1 Hr,Valid
Phora Durbar Kathmandu,O3,2025-01-24 09:00 AM,2025,01,24,09,11.0,10,Good,8.0,PPB,1 Hr,Valid
Phora Durbar Kathmandu,O3,2025-01-24 10:00 AM,2025,01,24,10,16.0,15,Good,13.0,PPB,1 Hr,Valid
Phora Durbar Kathmandu,O3,2025-01-24 11:00 AM,2025,01,24,11,39.0,36,Good,41.0,PPB,1 Hr,Valid
Phora Durbar Kathmandu,O3,2025-01-24 12:00 PM,2025,01,24,12,35.0,32,Good,35.0,PPB,1 Hr,Valid
Phora Durbar Kathmandu,O3,2025-01-24 01:00 PM,2025,01,24,13,26.0,24,Good,25.0,PPB,1 Hr,Valid
Phora Durbar Kathmandu,O3,2025-01-24 02:00 PM,2025,01,24,14,27.0,25,Good,26.0,PPB,1 Hr,Valid
Phora Durbar Kathmandu,O3,2025-01-24 03:00 PM,2025,01,24,15,30.0,28,Good,30.0,PPB,1 Hr,Valid
Phora Durbar Kathmandu,O3,2025-01-24 04:00 PM,2025,01,24,16,30.0,28,Good,30.0,PPB,1 Hr,Valid
Phora Durbar Kathmandu,O3,2025-01-24 05:00 PM,2025,01,24,17,29.0,27,Good,29.0,PPB,1 Hr,Valid
Phora Durbar Kathmandu,O3,2025-01-24 06:00 PM,2025,01,24,18,29.0,27,Good,29.0,PPB,1 Hr,Valid
Phora Durbar Kathmandu,O3,2025-01-24 07:00 PM,2025,01,24,19,20.0,19,Good,19.0,PPB,1 Hr,Valid
Phora Durbar Kathmandu,O3,2025-01-24 08:00 PM,2025,01,24,20,17.0,16,Good,15.0,PPB,1 Hr,Valid
Phora Durbar Kathmandu,O3,2025-01-24 09:00 PM,2025,01,24,21,7.0,6,Good,3.0,PPB,1 Hr,Valid
Phora Durbar Kathmandu,O3,2025-01-24 10:00 PM,2025,01,24,22,7.0,6,Good,3.0,PPB,1 Hr,Valid
Phora Durbar Kathmandu,O3,2025-01-24 11:00 PM,2025,01,24,23,8.0,7,Good,4.0,PPB,1 Hr,Valid
Phora Durbar Kathmandu,O3,2025-01-25 12:00 AM,2025,01,25,00,10.0,9,Good,6.0,PPB,1 Hr,Valid
Phora Durbar Kathmandu,O3,2025-01-25 01:00 AM,2025,01,25,01,6.0,6,Good,2.0,PPB,1 Hr,Valid
Phora Durbar Kathmandu,O3,2025-01-25 02:00 AM,2025,01,25,02,10.0,9,Good,7.0,PPB,1 Hr,Valid
Phora Durbar Kathmandu,O3,2025-01-25 03:00 AM,2025,01,25,03,7.0,6,Good,3.0,PPB,1 Hr,Valid
Phora Durbar Kathmandu,O3,2025-01-25 04:00 AM,2025,01,25,04,6.0,6,Good,1.0,PPB,1 Hr,Valid
Phora Durbar Kathmandu,O3,2025-01-25 05:00 AM,2025,01,25,05,9.0,8,Good,6.0,PPB,1 Hr,Valid
Phora Durbar Kathmandu,O3,2025-01-25 06:00 AM,2025,01,25,06,7.0,6,Good,2.0,PPB,1 Hr,Valid
Phora Durbar Kathmandu,O3,2025-01-25 07:00 AM,2025,01,25,07,5.0,5,Good,1.0,PPB,1 Hr,Valid
Phora Durbar Kathmandu,O3,2025-01-25 08:00 AM,2025,01,25,08,7.0,6,Good,3.0,PPB,1 Hr,Valid
Phora Durbar Kathmandu,O3,2025-01-25 09:00 AM,2025,01,25,09,11.0,10,Good,8.0,PPB,1 Hr,Valid
Phora Durbar Kathmandu,O3,2025-01-25 10:00 AM,2025,01,25,10,23.0,21,Good,21.0,PPB,1 Hr,Valid
Phora Durbar Kathmandu,O3,2025-01-25 11:00 AM,2025,01,25,11,36.0,33,Good,38.0,PPB,1 Hr,Valid
Phora Durbar Kathmandu,O3,2025-01-25 12:00 PM,2025,01,25,12,42.0,39,Good,44.0,PPB,1 Hr,Valid
Phora Durbar Kathmandu,O3,2025-01-25 01:00 PM,2025,01,25,13,38.0,35,Good,40.0,PPB,1 Hr,Valid
Phora Durbar Kathmandu,O3,2025-01-25 02:00 PM,2025,01,25,14,37.0,34,Good,38.0,PPB,1 Hr,Valid
Phora Durbar Kathmandu,O3,2025-01-25 03:00 PM,2025,01,25,15,36.0,33,Good,37.0,PPB,1 Hr,Valid
Phora Durbar Kathmandu,O3,2025-01-25 04:00 PM,2025,01,25,16,33.0,31,Good,33.0,PPB,1 Hr,Valid
Phora Durbar Kathmandu,O3,2025-01-25 05:00 PM,2025,01,25,17,29.0,27,Good,29.0,PPB,1 Hr,Valid
Phora Durbar Kathmandu,O3,2025-01-25 06:00 PM,2025,01,25,18,23.0,21,Good,22.0,PPB,1 Hr,Valid
Phora Durbar Kathmandu,O3,2025-01-25 07:00 PM,2025,01,25,19,20.0,19,Good,18.0,PPB,1 Hr,Valid
Phora Durbar Kathmandu,O3,2025-01-25 08:00 PM,2025,01,25,20,14.0,13,Good,11.0,PPB,1 Hr,Valid
Phora Durbar Kathmandu,O3,2025-01-25 09:00 PM,2025,01,25,21,12.0,11,Good,9.0,PPB,1 Hr,Valid
Phora Durbar Kathmandu,O3,2025-01-25 10:00 PM,2025,01,25,22,13.0,12,Good,10.0,PPB,1 Hr,Valid
Phora Durbar Kathmandu,O3,2025-01-25 11:00 PM,2025,01,25,23,7.0,6,Good,3.0,PPB,1 Hr,Valid
Phora Durbar Kathmandu,O3,2025-01-26 12:00 AM,2025,01,26,00,14.0,13,Good,12.0,PPB,1 Hr,Valid
Phora Durbar Kathmandu,O3,2025-01-26 01:00 AM,2025,01,26,01,10.0,9,Good,7.0,PPB,1 Hr,Valid
Phora Durbar Kathmandu,O3,2025-01-26 02:00 AM,2025,01,26,02,7.0,6,Good,4.0,PPB,1 Hr,Valid
Phora Durbar Kathmandu,O3,2025-01-26 03:00 AM,2025,01,26,03,10.0,9,Good,7.0,PPB,1 Hr,Valid
Phora Durbar Kathmandu,O3,2025-01-26 04:00 AM,2025,01,26,04,15.0,14,Good,12.0,PPB,1 Hr,Valid
Phora Durbar Kathmandu,O3,2025-01-26 05:00 AM,2025,01,26,05,17.0,16,Good,15.0,PPB,1 Hr,Valid
Phora Durbar Kathmandu,O3,2025-01-26 06:00 AM,2025,01,26,06,21.0,19,Good,19.0,PPB,1 Hr,Valid
Phora Durbar Kathmandu,O3,2025-01-26 07:00 AM,2025,01,26,07,21.0,19,Good,-999.0,PPB,1 Hr,Missing
Phora Durbar Kathmandu,O3,2025-01-26 08:00 AM,2025,01,26,08,16.0,15,Good,14.0,PPB,1 Hr,Valid
Phora Durbar Kathmandu,O3,2025-01-26 09:00 AM,2025,01,26,09,22.0,20,Good,21.0,PPB,1 Hr,Valid
Phora Durbar Kathmandu,O3,2025-01-26 10:00 AM,2025,01,26,10,26.0,24,Good,25.0,PPB,1 Hr,Valid
Phora Durbar Kathmandu,O3,2025-01-26 11:00 AM,2025,01,26,11,27.0,25,Good,27.0,PPB,1 Hr,Valid
Phora Durbar Kathmandu,O3,2025-01-26 12:00 PM,2025,01,26,12,30.0,28,Good,30.0,PPB,1 Hr,Valid
Phora Durbar Kathmandu,O3,2025-01-26 01:00 PM,2025,01,26,13,31.0,29,Good,32.0,PPB,1 Hr,Valid
Phora Durbar Kathmandu,O3,2025-01-26 02:00 PM,2025,01,26,14,34.0,31,Good,34.0,PPB,1 Hr,Valid
Phora Durbar Kathmandu,O3,2025-01-26 03:00 PM,2025,01,26,15,37.0,34,Good,39.0,PPB,1 Hr,Valid
Phora Durbar Kathmandu,O3,2025-01-26 04:00 PM,2025,01,26,16,35.0,32,Good,36.0,PPB,1 Hr,Valid
Phora Durbar Kathmandu,O3,2025-01-26 05:00 PM,2025,01,26,17,29.0,27,Good,28.0,PPB,1 Hr,Valid
Phora Durbar Kathmandu,O3,2025-01-26 06:00 PM,2025,01,26,18,24.0,22,Good,23.0,PPB,1 Hr,Valid
Phora Durbar Kathmandu,O3,2025-01-26 07:00 PM,2025,01,26,19,19.0,18,Good,17.0,PPB,1 Hr,Valid
Phora Durbar Kathmandu,O3,2025-01-26 08:00 PM,2025,01,26,20,12.0,11,Good,9.0,PPB,1 Hr,Valid
Phora Durbar Kathmandu,O3,2025-01-26 09:00 PM,2025,01,26,21,12.0,11,Good,9.0,PPB,1 Hr,Valid
Phora Durbar Kathmandu,O3,2025-01-26 10:00 PM,2025,01,26,22,5.0,5,Good,0.0,PPB,1 Hr,Valid
Phora Durbar Kathmandu,O3,2025-01-26 11:00 PM,2025,01,26,23,3.0,3,Good,-1.0,PPB,1 Hr,Valid
Phora Durbar Kathmandu,O3,2025-01-27 12:00 AM,2025,01,27,00,4.0,4,Good,0.0,PPB,1 Hr,Valid
Phora Durbar Kathmandu,O3,2025-01-27 01:00 AM,2025,01,27,01,4.0,4,Good,0.0,PPB,1 Hr,Valid
Phora Durbar Kathmandu,O3,2025-01-27 02:00 AM,2025,01,27,02,3.0,3,Good,0.0,PPB,1 Hr,Valid
Phora Durbar Kathmandu,O3,2025-01-27 03:00 AM,2025,01,27,03,4.0,4,Good,0.0,PPB,1 Hr,Valid
Phora Durbar Kathmandu,O3,2025-01-27 04:00 AM,2025,01,27,04,5.0,5,Good,1.0,PPB,1 Hr,Valid
Phora Durbar Kathmandu,O3,2025-01-27 05:00 AM,2025,01,27,05,6.0,6,Good,2.0,PPB,1 Hr,Valid
Phora Durbar Kathmandu,O3,2025-01-27 06:00 AM,2025,01,27,06,5.0,5,Good,1.0,PPB,1 Hr,Valid
Phora Durbar Kathmandu,O3,2025-01-27 07:00 AM,2025,01,27,07,6.0,6,Good,2.0,PPB,1 Hr,Valid
Phora Durbar Kathmandu,O3,2025-01-27 08:00 AM,2025,01,27,08,5.0,5,Good,1.0,PPB,1 Hr,Valid
Phora Durbar Kathmandu,O3,2025-01-27 09:00 AM,2025,01,27,09,6.0,6,Good,2.0,PPB,1 Hr,Valid
Phora Durbar Kathmandu,O3,2025-01-27 10:00 AM,2025,01,27,10,11.0,10,Good,7.0,PPB,1 Hr,Valid
Phora Durbar Kathmandu,O3,2025-01-27 11:00 AM,2025,01,27,11,27.0,25,Good,27.0,PPB,1 Hr,Valid
Phora Durbar Kathmandu,O3,2025-01-27 12:00 PM,2025,01,27,12,38.0,35,Good,40.0,PPB,1 Hr,Valid
Phora Durbar Kathmandu,O3,2025-01-27 01:00 PM,2025,01,27,13,42.0,39,Good,44.0,PPB,1 Hr,Valid
Phora Durbar Kathmandu,O3,2025-01-27 02:00 PM,2025,01,27,14,39.0,36,Good,40.0,PPB,1 Hr,Valid
Phora Durbar Kathmandu,O3,2025-01-27 03:00 PM,2025,01,27,15,38.0,35,Good,40.0,PPB,1 Hr,Valid
Phora Durbar Kathmandu,O3,2025-01-27 04:00 PM,2025,01,27,16,35.0,32,Good,36.0,PPB,1 Hr,Valid
Phora Durbar Kathmandu,O3,2025-01-27 05:00 PM,2025,01,27,17,31.0,29,Good,31.0,PPB,1 Hr,Valid
Phora Durbar Kathmandu,O3,2025-01-27 06:00 PM,2025,01,27,18,23.0,21,Good,22.0,PPB,1 Hr,Valid
Phora Durbar Kathmandu,O3,2025-01-27 07:00 PM,2025,01,27,19,17.0,16,Good,15.0,PPB,1 Hr,Valid
Phora Durbar Kathmandu,O3,2025-01-27 08:00 PM,2025,01,27,20,15.0,14,Good,12.0,PPB,1 Hr,Valid
Phora Durbar Kathmandu,O3,2025-01-27 09:00 PM,2025,01,27,21,7.0,6,Good,3.0,PPB,1 Hr,Valid
Phora Durbar Kathmandu,O3,2025-01-27 10:00 PM,2025,01,27,22,6.0,6,Good,2.0,PPB,1 Hr,Valid
Phora Durbar Kathmandu,O3,2025-01-27 11:00 PM,2025,01,27,23,8.0,7,Good,4.0,PPB,1 Hr,Valid
Phora Durbar Kathmandu,O3,2025-01-28 12:00 AM,2025,01,28,00,6.0,6,Good,2.0,PPB,1 Hr,Valid
Phora Durbar Kathmandu,O3,2025-01-28 01:00 AM,2025,01,28,01,8.0,7,Good,4.0,PPB,1 Hr,Valid
Phora Durbar Kathmandu,O3,2025-01-28 02:00 AM,2025,01,28,02,6.0,6,Good,2.0,PPB,1 Hr,Valid
Phora Durbar Kathmandu,O3,2025-01-28 03:00 AM,2025,01,28,03,5.0,5,Good,0.0,PPB,1 Hr,Valid
Phora Durbar Kathmandu,O3,2025-01-28 04:00 AM,2025,01,28,04,4.0,4,Good,0.0,PPB,1 Hr,Valid
Phora Durbar Kathmandu,O3,2025-01-28 05:00 AM,2025,01,28,05,5.0,5,Good,1.0,PPB,1 Hr,Valid
Phora Durbar Kathmandu,O3,2025-01-28 06:00 AM,2025,01,28,06,5.0,5,Good,1.0,PPB,1 Hr,Valid
Phora Durbar Kathmandu,O3,2025-01-28 07:00 AM,2025,01,28,07,5.0,5,Good,1.0,PPB,1 Hr,Valid
Phora Durbar Kathmandu,O3,2025-01-28 08:00 AM,2025,01,28,08,6.0,6,Good,2.0,PPB,1 Hr,Valid
Phora Durbar Kathmandu,O3,2025-01-28 09:00 AM,2025,01,28,09,6.0,6,Good,1.0,PPB,1 Hr,Valid
Phora Durbar Kathmandu,O3,2025-01-28 10:00 AM,2025,01,28,10,11.0,10,Good,8.0,PPB,1 Hr,Valid
Phora Durbar Kathmandu,O3,2025-01-28 11:00 AM,2025,01,28,11,26.0,24,Good,26.0,PPB,1 Hr,Valid
Phora Durbar Kathmandu,O3,2025-01-28 12:00 PM,2025,01,28,12,36.0,33,Good,37.0,PPB,1 Hr,Valid
Phora Durbar Kathmandu,O3,2025-01-28 01:00 PM,2025,01,28,13,37.0,34,Good,38.0,PPB,1 Hr,Valid
Phora Durbar Kathmandu,O3,2025-01-28 02:00 PM,2025,01,28,14,42.0,39,Good,44.0,PPB,1 Hr,Valid
Phora Durbar Kathmandu,O3,2025-01-28 03:00 PM,2025,01,28,15,38.0,35,Good,39.0,PPB,1 Hr,Valid
Phora Durbar Kathmandu,O3,2025-01-28 04:00 PM,2025,01,28,16,34.0,31,Good,34.0,PPB,1 Hr,Valid
Phora Durbar Kathmandu,O3,2025-01-28 05:00 PM,2025,01,28,17,30.0,28,Good,30.0,PPB,1 Hr,Valid
Phora Durbar Kathmandu,O3,2025-01-28 06:00 PM,2025,01,28,18,23.0,21,Good,22.0,PPB,1 Hr,Valid
Phora Durbar Kathmandu,O3,2025-01-28 07:00 PM,2025,01,28,19,24.0,22,Good,23.0,PPB,1 Hr,Valid
Phora Durbar Kathmandu,O3,2025-01-28 08:00 PM,2025,01,28,20,24.0,22,Good,23.0,PPB,1 Hr,Valid
Phora Durbar Kathmandu,O3,2025-01-28 09:00 PM,2025,01,28,21,14.0,13,Good,11.0,PPB,1 Hr,Valid
Phora Durbar Kathmandu,O3,2025-01-28 10:00 PM,2025,01,28,22,15.0,14,Good,12.0,PPB,1 Hr,Valid
Phora Durbar Kathmandu,O3,2025-01-28 11:00 PM,2025,01,28,23,13.0,12,Good,10.0,PPB,1 Hr,Valid
Phora Durbar Kathmandu,O3,2025-01-29 12:00 AM,2025,01,29,00,16.0,15,Good,13.0,PPB,1 Hr,Valid
Phora Durbar Kathmandu,O3,2025-01-29 01:00 AM,2025,01,29,01,13.0,12,Good,10.0,PPB,1 Hr,Valid
Phora Durbar Kathmandu,O3,2025-01-29 02:00 AM,2025,01,29,02,12.0,11,Good,9.0,PPB,1 Hr,Valid
Phora Durbar Kathmandu,O3,2025-01-29 03:00 AM,2025,01,29,03,12.0,11,Good,9.0,PPB,1 Hr,Valid
Phora Durbar Kathmandu,O3,2025-01-29 04:00 AM,2025,01,29,04,13.0,12,Good,11.0,PPB,1 Hr,Valid
Phora Durbar Kathmandu,O3,2025-01-29 05:00 AM,2025,01,29,05,10.0,9,Good,6.0,PPB,1 Hr,Valid
Phora Durbar Kathmandu,O3,2025-01-29 06:00 AM,2025,01,29,06,7.0,6,Good,3.0,PPB,1 Hr,Valid
Phora Durbar Kathmandu,O3,2025-01-29 07:00 AM,2025,01,29,07,7.0,6,Good,-999.0,PPB,1 Hr,Missing
Phora Durbar Kathmandu,O3,2025-01-29 08:00 AM,2025,01,29,08,5.0,5,Good,1.0,PPB,1 Hr,Valid
Phora Durbar Kathmandu,O3,2025-01-29 09:00 AM,2025,01,29,09,12.0,11,Good,8.0,PPB,1 Hr,Valid
Phora Durbar Kathmandu,O3,2025-01-29 10:00 AM,2025,01,29,10,18.0,17,Good,16.0,PPB,1 Hr,Valid
Phora Durbar Kathmandu,O3,2025-01-29 11:00 AM,2025,01,29,11,26.0,24,Good,26.0,PPB,1 Hr,Valid
Phora Durbar Kathmandu,O3,2025-01-29 12:00 PM,2025,01,29,12,37.0,34,Good,39.0,PPB,1 Hr,Valid
Phora Durbar Kathmandu,O3,2025-01-29 01:00 PM,2025,01,29,13,44.0,41,Good,47.0,PPB,1 Hr,Valid
Phora Durbar Kathmandu,O3,2025-01-29 02:00 PM,2025,01,29,14,47.0,44,Good,50.0,PPB,1 Hr,Valid
Phora Durbar Kathmandu,O3,2025-01-29 03:00 PM,2025,01,29,15,42.0,39,Good,45.0,PPB,1 Hr,Valid
Phora Durbar Kathmandu,O3,2025-01-29 04:00 PM,2025,01,29,16,34.0,31,Good,35.0,PPB,1 Hr,Valid
Phora Durbar Kathmandu,O3,2025-01-29 05:00 PM,2025,01,29,17,30.0,28,Good,31.0,PPB,1 Hr,Valid
Phora Durbar Kathmandu,O3,2025-01-29 06:00 PM,2025,01,29,18,22.0,20,Good,21.0,PPB,1 Hr,Valid
Phora Durbar Kathmandu,O3,2025-01-29 07:00 PM,2025,01,29,19,11.0,10,Good,7.0,PPB,1 Hr,Valid
Phora Durbar Kathmandu,O3,2025-01-29 08:00 PM,2025,01,29,20,17.0,16,Good,15.0,PPB,1 Hr,Valid
Phora Durbar Kathmandu,O3,2025-01-29 09:00 PM,2025,01,29,21,13.0,12,Good,13.0,PPB,1 Hr,Valid
Phora Durbar Kathmandu,O3,2025-01-29 10:00 PM,2025,01,29,22,9.0,8,Good,1.0,PPB,1 Hr,Valid
Phora Durbar Kathmandu,O3,2025-01-29 11:00 PM,2025,01,29,23,5.0,5,Good,0.0,PPB,1 Hr,Valid
Phora Durbar Kathmandu,O3,2025-01-30 12:00 AM,2025,01,30,00,4.0,4,Good,0.0,PPB,1 Hr,Valid
Phora Durbar Kathmandu,O3,2025-01-30 01:00 AM,2025,01,30,01,2.0,2,Good,0.0,PPB,1 Hr,Valid
Phora Durbar Kathmandu,O3,2025-01-30 02:00 AM,2025,01,30,02,0.0,0,Good,0.0,PPB,1 Hr,Valid
Phora Durbar Kathmandu,O3,2025-01-30 03:00 AM,2025,01,30,03,0.0,0,Good,0.0,PPB,1 Hr,Valid
Phora Durbar Kathmandu,O3,2025-01-30 04:00 AM,2025,01,30,04,1.0,1,Good,1.0,PPB,1 Hr,Valid
Phora Durbar Kathmandu,O3,2025-01-30 05:00 AM,2025,01,30,05,2.0,2,Good,2.0,PPB,1 Hr,Valid
Phora Durbar Kathmandu,O3,2025-01-30 06:00 AM,2025,01,30,06,3.0,3,Good,4.0,PPB,1 Hr,Valid
Phora Durbar Kathmandu,O3,2025-01-30 07:00 AM,2025,01,30,07,4.0,4,Good,3.0,PPB,1 Hr,Valid
Phora Durbar Kathmandu,O3,2025-01-30 08:00 AM,2025,01,30,08,8.0,7,Good,2.0,PPB,1 Hr,Valid
Phora Durbar Kathmandu,O3,2025-01-30 09:00 AM,2025,01,30,09,12.0,11,Good,4.0,PPB,1 Hr,Valid
Phora Durbar Kathmandu,O3,2025-01-30 10:00 AM,2025,01,30,10,16.0,15,Good,14.0,PPB,1 Hr,Valid
Phora Durbar Kathmandu,O3,2025-01-30 11:00 AM,2025,01,30,11,20.0,19,Good,28.0,PPB,1 Hr,Valid
Phora Durbar Kathmandu,O3,2025-01-30 12:00 PM,2025,01,30,12,25.0,23,Good,36.0,PPB,1 Hr,Valid
Phora Durbar Kathmandu,O3,2025-01-30 01:00 PM,2025,01,30,13,27.0,25,Good,31.0,PPB,1 Hr,Valid
Phora Durbar Kathmandu,O3,2025-01-30 02:00 PM,2025,01,30,14,29.0,27,Good,30.0,PPB,1 Hr,Valid
Phora Durbar Kathmandu,O3,2025-01-30 03:00 PM,2025,01,30,15,29.0,27,Good,30.0,PPB,1 Hr,Valid
Phora Durbar Kathmandu,O3,2025-01-30 04:00 PM,2025,01,30,16,27.0,25,Good,29.0,PPB,1 Hr,Valid
Phora Durbar Kathmandu,O3,2025-01-30 05:00 PM,2025,01,30,17,25.0,23,Good,27.0,PPB,1 Hr,Valid
Phora Durbar Kathmandu,O3,2025-01-30 06:00 PM,2025,01,30,18,22.0,20,Good,19.0,PPB,1 Hr,Valid
Phora Durbar Kathmandu,O3,2025-01-30 07:00 PM,2025,01,30,19,19.0,18,Good,17.0,PPB,1 Hr,Valid
Phora Durbar Kathmandu,O3,2025-01-30 08:00 PM,2025,01,30,20,16.0,15,Good,19.0,PPB,1 Hr,Valid
Phora Durbar Kathmandu,O3,2025-01-30 09:00 PM,2025,01,30,21,12.0,11,Good,12.0,PPB,1 Hr,Valid
Phora Durbar Kathmandu,O3,2025-01-30 10:00 PM,2025,01,30,22,11.0,10,Good,16.0,PPB,1 Hr,Valid
Phora Durbar Kathmandu,O3,2025-01-30 11:00 PM,2025,01,30,23,9.0,8,Good,7.0,PPB,1 Hr,Valid
Phora Durbar Kathmandu,O3,2025-01-31 12:00 AM,2025,01,31,00,7.0,6,Good,1.0,PPB,1 Hr,Valid
Phora Durbar Kathmandu,O3,2025-01-31 01:00 AM,2025,01,31,01,4.0,4,Good,1.0,PPB,1 Hr,Valid
Phora Durbar Kathmandu,O3,2025-01-31 02:00 AM,2025,01,31,02,3.0,3,Good,0.0,PPB,1 Hr,Valid
Phora Durbar Kathmandu,O3,2025-01-31 03:00 AM,2025,01,31,03,0.0,0,Good,0.0,PPB,1 Hr,Valid
Phora Durbar Kathmandu,O3,2025-01-31 04:00 AM,2025,01,31,04,0.0,0,Good,1.0,PPB,1 Hr,Valid
Phora Durbar Kathmandu,O3,2025-01-31 05:00 AM,2025,01,31,05,0.0,0,Good,0.0,PPB,1 Hr,Valid
Phora Durbar Kathmandu,O3,2025-01-31 06:00 AM,2025,01,31,06,1.0,1,Good,0.0,PPB,1 Hr,Valid
Phora Durbar Kathmandu,O3,2025-01-31 07:00 AM,2025,01,31,07,2.0,2,Good,0.0,PPB,1 Hr,Valid
Phora Durbar Kathmandu,O3,2025-01-31 08:00 AM,2025,01,31,08,5.0,5,Good,0.0,PPB,1 Hr,Valid
Phora Durbar Kathmandu,O3,2025-01-31 09:00 AM,2025,01,31,09,9.0,8,Good,2.0,PPB,1 Hr,Valid
Phora Durbar Kathmandu,O3,2025-01-31 10:00 AM,2025,01,31,10,14.0,13,Good,11.0,PPB,1 Hr,Valid
Phora Durbar Kathmandu,O3,2025-01-31 11:00 AM,2025,01,31,11,20.0,19,Good,30.0,PPB,1 Hr,Valid
Phora Durbar Kathmandu,O3,2025-01-31 12:00 PM,2025,01,31,12,27.0,25,Good,48.0,PPB,1 Hr,Valid
Phora Durbar Kathmandu,O3,2025-01-31 01:00 PM,2025,01,31,13,33.0,31,Good,52.0,PPB,1 Hr,Valid
Phora Durbar Kathmandu,O3,2025-01-31 02:00 PM,2025,01,31,14,36.0,33,Good,37.0,PPB,1 Hr,Valid
Phora Durbar Kathmandu,O3,2025-01-31 03:00 PM,2025,01,31,15,38.0,35,Good,33.0,PPB,1 Hr,Valid
Phora Durbar Kathmandu,O3,2025-01-31 04:00 PM,2025,01,31,16,35.0,32,Good,32.0,PPB,1 Hr,Valid
Phora Durbar Kathmandu,O3,2025-01-31 05:00 PM,2025,01,31,17,32.0,30,Good,31.0,PPB,1 Hr,Valid
Phora Durbar Kathmandu,O3,2025-01-31 06:00 PM,2025,01,31,18,27.0,25,Good,27.0,PPB,1 Hr,Valid
Phora Durbar Kathmandu,O3,2025-01-31 07:00 PM,2025,01,31,19,24.0,22,Good,19.0,PPB,1 Hr,Valid
Phora Durbar Kathmandu,O3,2025-01-31 08:00 PM,2025,01,31,20,21.0,19,Good,18.0,PPB,1 Hr,Valid
Phora Durbar Kathmandu,O3,2025-01-31 09:00 PM,2025,01,31,21,17.0,16,Good,13.0,PPB,1 Hr,Valid
Phora Durbar Kathmandu,O3,2025-01-31 10:00 PM,2025,01,31,22,12.0,11,Good,3.0,PPB,1 Hr,Valid
Phora Durbar Kathmandu,O3,2025-01-31 11:00 PM,2025,01,31,23,8.0,7,Good,0.0,PPB,1 Hr,Valid
Phora Durbar Kathmandu,O3,2025-02-01 12:00 AM,2025,02,01,00,7.0,6,Good,2.0,PPB,1 Hr,Valid
Phora Durbar Kathmandu,O3,2025-02-01 01:00 AM,2025,02,01,01,5.0,5,Good,0.0,PPB,1 Hr,Valid
Phora Durbar Kathmandu,O3,2025-02-01 02:00 AM,2025,02,01,02,3.0,3,Good,0.0,PPB,1 Hr,Valid
Phora Durbar Kathmandu,O3,2025-02-01 03:00 AM,2025,02,01,03,2.0,2,Good,0.0,PPB,1 Hr,Valid
Phora Durbar Kathmandu,O3,2025-02-01 04:00 AM,2025,02,01,04,2.0,2,Good,0.0,PPB,1 Hr,Valid
Phora Durbar Kathmandu,O3,2025-02-01 05:00 AM,2025,02,01,05,1.0,1,Good,0.0,PPB,1 Hr,Valid
Phora Durbar Kathmandu,O3,2025-02-01 06:00 AM,2025,02,01,06,2.0,2,Good,0.0,PPB,1 Hr,Valid
Phora Durbar Kathmandu,O3,2025-02-01 07:00 AM,2025,02,01,07,2.0,2,Good,0.0,PPB,1 Hr,Valid
Phora Durbar Kathmandu,O3,2025-02-01 08:00 AM,2025,02,01,08,6.0,6,Good,0.0,PPB,1 Hr,Valid
Phora Durbar Kathmandu,O3,2025-02-01 09:00 AM,2025,02,01,09,8.0,7,Good,1.0,PPB,1 Hr,Valid
Phora Durbar Kathmandu,O3,2025-02-01 10:00 AM,2025,02,01,10,13.0,12,Good,6.0,PPB,1 Hr,Valid
Phora Durbar Kathmandu,O3,2025-02-01 11:00 AM,2025,02,01,11,18.0,17,Good,27.0,PPB,1 Hr,Valid
Phora Durbar Kathmandu,O3,2025-02-01 12:00 PM,2025,02,01,12,25.0,23,Good,47.0,PPB,1 Hr,Valid
Phora Durbar Kathmandu,O3,2025-02-01 01:00 PM,2025,02,01,13,28.0,26,Good,44.0,PPB,1 Hr,Valid
Phora Durbar Kathmandu,O3,2025-02-01 02:00 PM,2025,02,01,14,29.0,27,Good,30.0,PPB,1 Hr,Valid
Phora Durbar Kathmandu,O3,2025-02-01 03:00 PM,2025,02,01,15,33.0,31,Good,30.0,PPB,1 Hr,Valid
Phora Durbar Kathmandu,O3,2025-02-01 04:00 PM,2025,02,01,16,34.0,31,Good,30.0,PPB,1 Hr,Valid
Phora Durbar Kathmandu,O3,2025-02-01 05:00 PM,2025,02,01,17,31.0,29,Good,30.0,PPB,1 Hr,Valid
Phora Durbar Kathmandu,O3,2025-02-01 06:00 PM,2025,02,01,18,26.0,24,Good,22.0,PPB,1 Hr,Valid
Phora Durbar Kathmandu,O3,2025-02-01 07:00 PM,2025,02,01,19,23.0,21,Good,18.0,PPB,1 Hr,Valid
Phora Durbar Kathmandu,O3,2025-02-01 08:00 PM,2025,02,01,20,15.0,14,Good,5.0,PPB,1 Hr,Valid
Phora Durbar Kathmandu,O3,2025-02-01 09:00 PM,2025,02,01,21,10.0,9,Good,1.0,PPB,1 Hr,Valid
Phora Durbar Kathmandu,O3,2025-02-01 10:00 PM,2025,02,01,22,5.0,5,Good,0.0,PPB,1 Hr,Valid
Phora Durbar Kathmandu,O3,2025-02-01 11:00 PM,2025,02,01,23,3.0,3,Good,1.0,PPB,1 Hr,Valid
Phora Durbar Kathmandu,O3,2025-02-02 12:00 AM,2025,02,02,00,3.0,3,Good,8.0,PPB,1 Hr,Valid
Phora Durbar Kathmandu,O3,2025-02-02 01:00 AM,2025,02,02,01,3.0,3,Good,6.0,PPB,1 Hr,Valid
Phora Durbar Kathmandu,O3,2025-02-02 02:00 AM,2025,02,02,02,1.0,1,Good,1.0,PPB,1 Hr,Valid
Phora Durbar Kathmandu,O3,2025-02-02 03:00 AM,2025,02,02,03,3.0,3,Good,6.0,PPB,1 Hr,Valid
Phora Durbar Kathmandu,O3,2025-02-02 04:00 AM,2025,02,02,04,4.0,4,Good,8.0,PPB,1 Hr,Valid
Phora Durbar Kathmandu,O3,2025-02-02 05:00 AM,2025,02,02,05,3.0,3,Good,5.0,PPB,1 Hr,Valid
Phora Durbar Kathmandu,O3,2025-02-02 06:00 AM,2025,02,02,06,3.0,3,Good,3.0,PPB,1 Hr,Valid
Phora Durbar Kathmandu,O3,2025-02-02 07:00 AM,2025,02,02,07,3.0,3,Good,-999.0,PPB,1 Hr,Missing
Phora Durbar Kathmandu,O3,2025-02-02 08:00 AM,2025,02,02,08,9.0,8,Good,5.0,PPB,1 Hr,Valid
Phora Durbar Kathmandu,O3,2025-02-02 09:00 AM,2025,02,02,09,14.0,13,Good,8.0,PPB,1 Hr,Valid
Phora Durbar Kathmandu,O3,2025-02-02 10:00 AM,2025,02,02,10,19.0,18,Good,15.0,PPB,1 Hr,Valid
Phora Durbar Kathmandu,O3,2025-02-02 11:00 AM,2025,02,02,11,25.0,23,Good,31.0,PPB,1 Hr,Valid
Phora Durbar Kathmandu,O3,2025-02-02 12:00 PM,2025,02,02,12,30.0,28,Good,48.0,PPB,1 Hr,Valid
Phora Durbar Kathmandu,O3,2025-02-02 01:00 PM,2025,02,02,13,32.0,30,Good,41.0,PPB,1 Hr,Valid
Phora Durbar Kathmandu,O3,2025-02-02 02:00 PM,2025,02,02,14,34.0,31,Good,31.0,PPB,1 Hr,Valid
Phora Durbar Kathmandu,O3,2025-02-02 03:00 PM,2025,02,02,15,36.0,33,Good,30.0,PPB,1 Hr,Valid
Phora Durbar Kathmandu,O3,2025-02-02 04:00 PM,2025,02,02,16,34.0,31,Good,30.0,PPB,1 Hr,Valid
Phora Durbar Kathmandu,O3,2025-02-02 05:00 PM,2025,02,02,17,29.0,27,Good,26.0,PPB,1 Hr,Valid
Phora Durbar Kathmandu,O3,2025-02-02 06:00 PM,2025,02,02,18,23.0,21,Good,22.0,PPB,1 Hr,Valid
Phora Durbar Kathmandu,O3,2025-02-02 07:00 PM,2025,02,02,19,21.0,19,Good,22.0,PPB,1 Hr,Valid
Phora Durbar Kathmandu,O3,2025-02-02 08:00 PM,2025,02,02,20,18.0,17,Good,19.0,PPB,1 Hr,Valid
Phora Durbar Kathmandu,O3,2025-02-02 09:00 PM,2025,02,02,21,15.0,14,Good,9.0,PPB,1 Hr,Valid
Phora Durbar Kathmandu,O3,2025-02-02 10:00 PM,2025,02,02,22,12.0,11,Good,2.0,PPB,1 Hr,Valid
Phora Durbar Kathmandu,O3,2025-02-02 11:00 PM,2025,02,02,23,7.0,6,Good,2.0,PPB,1 Hr,Valid
Phora Durbar Kathmandu,O3,2025-02-03 12:00 AM,2025,02,03,00,3.0,3,Good,2.0,PPB,1 Hr,Valid
Phora Durbar Kathmandu,O3,2025-02-03 01:00 AM,2025,02,03,01,1.0,1,Good,0.0,PPB,1 Hr,Valid
Phora Durbar Kathmandu,O3,2025-02-03 02:00 AM,2025,02,03,02,1.0,1,Good,0.0,PPB,1 Hr,Valid
Phora Durbar Kathmandu,O3,2025-02-03 03:00 AM,2025,02,03,03,2.0,2,Good,0.0,PPB,1 Hr,Valid
Phora Durbar Kathmandu,O3,2025-02-03 04:00 AM,2025,02,03,04,1.0,1,Good,0.0,PPB,1 Hr,Valid
Phora Durbar Kathmandu,O3,2025-02-03 05:00 AM,2025,02,03,05,3.0,3,Good,2.0,PPB,1 Hr,Valid
Phora Durbar Kathmandu,O3,2025-02-03 06:00 AM,2025,02,03,06,3.0,3,Good,2.0,PPB,1 Hr,Valid
Phora Durbar Kathmandu,O3,2025-02-03 07:00 AM,2025,02,03,07,5.0,5,Good,3.0,PPB,1 Hr,Valid
Phora Durbar Kathmandu,O3,2025-02-03 08:00 AM,2025,02,03,08,8.0,7,Good,4.0,PPB,1 Hr,Valid
Phora Durbar Kathmandu,O3,2025-02-03 09:00 AM,2025,02,03,09,14.0,13,Good,3.0,PPB,1 Hr,Valid
Phora Durbar Kathmandu,O3,2025-02-03 10:00 AM,2025,02,03,10,18.0,17,Good,14.0,PPB,1 Hr,Valid
Phora Durbar Kathmandu,O3,2025-02-03 11:00 AM,2025,02,03,11,22.0,20,Good,33.0,PPB,1 Hr,Valid
Phora Durbar Kathmandu,O3,2025-02-03 12:00 PM,2025,02,03,12,27.0,25,Good,47.0,PPB,1 Hr,Valid
Phora Durbar Kathmandu,O3,2025-02-03 01:00 PM,2025,02,03,13,31.0,29,Good,44.0,PPB,1 Hr,Valid
Phora Durbar Kathmandu,O3,2025-02-03 02:00 PM,2025,02,03,14,35.0,32,Good,41.0,PPB,1 Hr,Valid
Phora Durbar Kathmandu,O3,2025-02-03 03:00 PM,2025,02,03,15,36.0,33,Good,35.0,PPB,1 Hr,Valid
Phora Durbar Kathmandu,O3,2025-02-03 04:00 PM,2025,02,03,16,34.0,31,Good,32.0,PPB,1 Hr,Valid
Phora Durbar Kathmandu,O3,2025-02-03 05:00 PM,2025,02,03,17,31.0,29,Good,29.0,PPB,1 Hr,Valid
Phora Durbar Kathmandu,O3,2025-02-03 06:00 PM,2025,02,03,18,26.0,24,Good,25.0,PPB,1 Hr,Valid
Phora Durbar Kathmandu,O3,2025-02-03 07:00 PM,2025,02,03,19,18.0,17,Good,7.0,PPB,1 Hr,Valid
Phora Durbar Kathmandu,O3,2025-02-03 08:00 PM,2025,02,03,20,13.0,12,Good,2.0,PPB,1 Hr,Valid
Phora Durbar Kathmandu,O3,2025-02-03 09:00 PM,2025,02,03,21,9.0,8,Good,0.0,PPB,1 Hr,Valid
Phora Durbar Kathmandu,O3,2025-02-03 10:00 PM,2025,02,03,22,8.0,7,Good,9.0,PPB,1 Hr,Valid
Phora Durbar Kathmandu,O3,2025-02-03 11:00 PM,2025,02,03,23,3.0,3,Good,3.0,PPB,1 Hr,Valid
Phora Durbar Kathmandu,O3,2025-02-04 12:00 AM,2025,02,04,00,2.0,2,Good,1.0,PPB,1 Hr,Valid
Phora Durbar Kathmandu,O3,2025-02-04 01:00 AM,2025,02,04,01,3.0,3,Good,2.0,PPB,1 Hr,Valid
Phora Durbar Kathmandu,O3,2025-02-04 02:00 AM,2025,02,04,02,3.0,3,Good,0.0,PPB,1 Hr,Valid
Phora Durbar Kathmandu,O3,2025-02-04 03:00 AM,2025,02,04,03,1.0,1,Good,1.0,PPB,1 Hr,Valid
Phora Durbar Kathmandu,O3,2025-02-04 04:00 AM,2025,02,04,04,2.0,2,Good,8.0,PPB,1 Hr,Valid
Phora Durbar Kathmandu,O3,2025-02-04 05:00 AM,2025,02,04,05,2.0,2,Good,3.0,PPB,1 Hr,Valid
Phora Durbar Kathmandu,O3,2025-02-04 06:00 AM,2025,02,04,06,3.0,3,Good,0.0,PPB,1 Hr,Valid
Phora Durbar Kathmandu,O3,2025-02-04 07:00 AM,2025,02,04,07,6.0,6,Good,3.0,PPB,1 Hr,Valid
Phora Durbar Kathmandu,O3,2025-02-04 08:00 AM,2025,02,04,08,9.0,8,Good,1.0,PPB,1 Hr,Valid
Phora Durbar Kathmandu,O3,2025-02-04 09:00 AM,2025,02,04,09,12.0,11,Good,2.0,PPB,1 Hr,Valid
Phora Durbar Kathmandu,O3,2025-02-04 10:00 AM,2025,02,04,10,17.0,16,Good,15.0,PPB,1 Hr,Valid
Phora Durbar Kathmandu,O3,2025-02-04 11:00 AM,2025,02,04,11,22.0,20,Good,32.0,PPB,1 Hr,Valid
Phora Durbar Kathmandu,O3,2025-02-04 12:00 PM,2025,02,04,12,28.0,26,Good,51.0,PPB,1 Hr,Valid
Phora Durbar Kathmandu,O3,2025-02-04 01:00 PM,2025,02,04,13,37.0,34,Good,69.0,PPB,1 Hr,Valid
Phora Durbar Kathmandu,O3,2025-02-04 02:00 PM,2025,02,04,14,37.0,34,Good,39.0,PPB,1 Hr,Valid
Phora Durbar Kathmandu,O3,2025-02-04 03:00 PM,2025,02,04,15,41.0,38,Good,37.0,PPB,1 Hr,Valid
Phora Durbar Kathmandu,O3,2025-02-04 04:00 PM,2025,02,04,16,37.0,34,Good,30.0,PPB,1 Hr,Valid
Phora Durbar Kathmandu,O3,2025-02-04 05:00 PM,2025,02,04,17,32.0,30,Good,26.0,PPB,1 Hr,Valid
Phora Durbar Kathmandu,O3,2025-02-04 06:00 PM,2025,02,04,18,24.0,22,Good,21.0,PPB,1 Hr,Valid
Phora Durbar Kathmandu,O3,2025-02-04 07:00 PM,2025,02,04,19,17.0,16,Good,8.0,PPB,1 Hr,Valid
Phora Durbar Kathmandu,O3,2025-02-04 08:00 PM,2025,02,04,20,15.0,14,Good,12.0,PPB,1 Hr,Valid
Phora Durbar Kathmandu,O3,2025-02-04 09:00 PM,2025,02,04,21,9.0,8,Good,3.0,PPB,1 Hr,Valid
Phora Durbar Kathmandu,O3,2025-02-04 10:00 PM,2025,02,04,22,7.0,6,Good,0.0,PPB,1 Hr,Valid
Phora Durbar Kathmandu,O3,2025-02-04 11:00 PM,2025,02,04,23,3.0,3,Good,0.0,PPB,1 Hr,Valid
Phora Durbar Kathmandu,O3,2025-02-05 12:00 AM,2025,02,05,00,1.0,1,Good,0.0,PPB,1 Hr,Valid
Phora Durbar Kathmandu,O3,2025-02-05 01:00 AM,2025,02,05,01,0.0,0,Good,2.0,PPB,1 Hr,Valid
Phora Durbar Kathmandu,O3,2025-02-05 02:00 AM,2025,02,05,02,2.0,2,Good,2.0,PPB,1 Hr,Valid
Phora Durbar Kathmandu,O3,2025-02-05 03:00 AM,2025,02,05,03,1.0,1,Good,0.0,PPB,1 Hr,Valid
Phora Durbar Kathmandu,O3,2025-02-05 04:00 AM,2025,02,05,04,0.0,0,Good,0.0,PPB,1 Hr,Valid
Phora Durbar Kathmandu,O3,2025-02-05 05:00 AM,2025,02,05,05,1.0,1,Good,2.0,PPB,1 Hr,Valid
Phora Durbar Kathmandu,O3,2025-02-05 06:00 AM,2025,02,05,06,2.0,2,Good,2.0,PPB,1 Hr,Valid
Phora Durbar Kathmandu,O3,2025-02-05 07:00 AM,2025,02,05,07,2.0,2,Good,-999.0,PPB,1 Hr,Missing
Phora Durbar Kathmandu,O3,2025-02-05 08:00 AM,2025,02,05,08,5.0,5,Good,0.0,PPB,1 Hr,Valid
Phora Durbar Kathmandu,O3,2025-02-05 09:00 AM,2025,02,05,09,12.0,11,Good,0.0,PPB,1 Hr,Valid
Phora Durbar Kathmandu,O3,2025-02-05 10:00 AM,2025,02,05,10,19.0,18,Good,10.0,PPB,1 Hr,Valid
Phora Durbar Kathmandu,O3,2025-02-05 11:00 AM,2025,02,05,11,24.0,22,Good,29.0,PPB,1 Hr,Valid
Phora Durbar Kathmandu,O3,2025-02-05 12:00 PM,2025,02,05,12,22.0,20,Good,27.0,PPB,1 Hr,Valid
Phora Durbar Kathmandu,O3,2025-02-05 01:00 PM,2025,02,05,13,21.0,19,Good,30.0,PPB,1 Hr,Valid
Phora Durbar Kathmandu,O3,2025-02-05 02:00 PM,2025,02,05,14,25.0,23,Good,31.0,PPB,1 Hr,Valid
Phora Durbar Kathmandu,O3,2025-02-05 03:00 PM,2025,02,05,15,27.0,25,Good,31.0,PPB,1 Hr,Valid
Phora Durbar Kathmandu,O3,2025-02-05 04:00 PM,2025,02,05,16,28.0,26,Good,32.0,PPB,1 Hr,Valid
Phora Durbar Kathmandu,O3,2025-02-05 05:00 PM,2025,02,05,17,25.0,23,Good,30.0,PPB,1 Hr,Valid
Phora Durbar Kathmandu,O3,2025-02-05 06:00 PM,2025,02,05,18,24.0,22,Good,24.0,PPB,1 Hr,Valid
Phora Durbar Kathmandu,O3,2025-02-05 07:00 PM,2025,02,05,19,17.0,16,Good,5.0,PPB,1 Hr,Valid
Phora Durbar Kathmandu,O3,2025-02-05 08:00 PM,2025,02,05,20,16.0,15,Good,7.0,PPB,1 Hr,Valid
Phora Durbar Kathmandu,O3,2025-02-05 09:00 PM,2025,02,05,21,10.0,9,Good,4.0,PPB,1 Hr,Valid
Phora Durbar Kathmandu,O3,2025-02-05 10:00 PM,2025,02,05,22,6.0,6,Good,2.0,PPB,1 Hr,Valid
Phora Durbar Kathmandu,O3,2025-02-05 11:00 PM,2025,02,05,23,1.0,1,Good,1.0,PPB,1 Hr,Valid
Phora Durbar Kathmandu,O3,2025-02-06 12:00 AM,2025,02,06,00,2.0,2,Good,1.0,PPB,1 Hr,Valid
Phora Durbar Kathmandu,O3,2025-02-06 01:00 AM,2025,02,06,01,2.0,2,Good,1.0,PPB,1 Hr,Valid
Phora Durbar Kathmandu,O3,2025-02-06 02:00 AM,2025,02,06,02,3.0,3,Good,0.0,PPB,1 Hr,Valid
Phora Durbar Kathmandu,O3,2025-02-06 03:00 AM,2025,02,06,03,3.0,3,Good,0.0,PPB,1 Hr,Valid
Phora Durbar Kathmandu,O3,2025-02-06 04:00 AM,2025,02,06,04,1.0,1,Good,0.0,PPB,1 Hr,Valid
Phora Durbar Kathmandu,O3,2025-02-06 05:00 AM,2025,02,06,05,1.0,1,Good,1.0,PPB,1 Hr,Valid
Phora Durbar Kathmandu,O3,2025-02-06 06:00 AM,2025,02,06,06,2.0,2,Good,2.0,PPB,1 Hr,Valid
Phora Durbar Kathmandu,O3,2025-02-06 07:00 AM,2025,02,06,07,4.0,4,Good,3.0,PPB,1 Hr,Valid
Phora Durbar Kathmandu,O3,2025-02-06 08:00 AM,2025,02,06,08,8.0,7,Good,2.0,PPB,1 Hr,Valid
Phora Durbar Kathmandu,O3,2025-02-06 09:00 AM,2025,02,06,09,15.0,14,Good,3.0,PPB,1 Hr,Valid
Phora Durbar Kathmandu,O3,2025-02-06 10:00 AM,2025,02,06,10,22.0,20,Good,14.0,PPB,1 Hr,Valid
Phora Durbar Kathmandu,O3,2025-02-06 11:00 AM,2025,02,06,11,26.0,24,Good,33.0,PPB,1 Hr,Valid
Phora Durbar Kathmandu,O3,2025-02-06 12:00 PM,2025,02,06,12,28.0,26,Good,50.0,PPB,1 Hr,Valid
Phora Durbar Kathmandu,O3,2025-02-06 01:00 PM,2025,02,06,13,30.0,28,Good,48.0,PPB,1 Hr,Valid
Phora Durbar Kathmandu,O3,2025-02-06 02:00 PM,2025,02,06,14,32.0,30,Good,30.0,PPB,1 Hr,Valid
Phora Durbar Kathmandu,O3,2025-02-06 03:00 PM,2025,02,06,15,35.0,32,Good,31.0,PPB,1 Hr,Valid
Phora Durbar Kathmandu,O3,2025-02-06 04:00 PM,2025,02,06,16,32.0,30,Good,34.0,PPB,1 Hr,Valid
Phora Durbar Kathmandu,O3,2025-02-06 05:00 PM,2025,02,06,17,28.0,26,Good,29.0,PPB,1 Hr,Valid
Phora Durbar Kathmandu,O3,2025-02-06 06:00 PM,2025,02,06,18,28.0,26,Good,-999.0,PPB,1 Hr,Missing
Phora Durbar Kathmandu,O3,2025-02-06 07:00 PM,2025,02,06,19,18.0,17,Good,10.0,PPB,1 Hr,Valid
Phora Durbar Kathmandu,O3,2025-02-06 08:00 PM,2025,02,06,20,15.0,14,Good,3.0,PPB,1 Hr,Valid
Phora Durbar Kathmandu,O3,2025-02-06 09:00 PM,2025,02,06,21,10.0,9,Good,4.0,PPB,1 Hr,Valid
Phora Durbar Kathmandu,O3,2025-02-06 10:00 PM,2025,02,06,22,6.0,6,Good,2.0,PPB,1 Hr,Valid
Phora Durbar Kathmandu,O3,2025-02-06 11:00 PM,2025,02,06,23,4.0,4,Good,2.0,PPB,1 Hr,Valid
Phora Durbar Kathmandu,O3,2025-02-07 12:00 AM,2025,02,07,00,4.0,4,Good,2.0,PPB,1 Hr,Valid
Phora Durbar Kathmandu,O3,2025-02-07 01:00 AM,2025,02,07,01,4.0,4,Good,3.0,PPB,1 Hr,Valid
Phora Durbar Kathmandu,O3,2025-02-07 02:00 AM,2025,02,07,02,2.0,2,Good,2.0,PPB,1 Hr,Valid
Phora Durbar Kathmandu,O3,2025-02-07 03:00 AM,2025,02,07,03,1.0,1,Good,2.0,PPB,1 Hr,Valid
Phora Durbar Kathmandu,O3,2025-02-07 04:00 AM,2025,02,07,04,2.0,2,Good,2.0,PPB,1 Hr,Valid
Phora Durbar Kathmandu,O3,2025-02-07 05:00 AM,2025,02,07,05,3.0,3,Good,2.0,PPB,1 Hr,Valid
Phora Durbar Kathmandu,O3,2025-02-07 06:00 AM,2025,02,07,06,3.0,3,Good,2.0,PPB,1 Hr,Valid
Phora Durbar Kathmandu,O3,2025-02-07 07:00 AM,2025,02,07,07,4.0,4,Good,1.0,PPB,1 Hr,Valid
Phora Durbar Kathmandu,O3,2025-02-07 08:00 AM,2025,02,07,08,8.0,7,Good,2.0,PPB,1 Hr,Valid
Phora Durbar Kathmandu,O3,2025-02-07 09:00 AM,2025,02,07,09,13.0,12,Good,4.0,PPB,1 Hr,Valid
Phora Durbar Kathmandu,O3,2025-02-07 10:00 AM,2025,02,07,10,17.0,16,Good,14.0,PPB,1 Hr,Valid
Phora Durbar Kathmandu,O3,2025-02-07 11:00 AM,2025,02,07,11,23.0,21,Good,37.0,PPB,1 Hr,Valid
Phora Durbar Kathmandu,O3,2025-02-07 12:00 PM,2025,02,07,12,28.0,26,Good,49.0,PPB,1 Hr,Valid
Phora Durbar Kathmandu,O3,2025-02-07 01:00 PM,2025,02,07,13,28.0,26,Good,34.0,PPB,1 Hr,Valid
Phora Durbar Kathmandu,O3,2025-02-07 02:00 PM,2025,02,07,14,32.0,30,Good,29.0,PPB,1 Hr,Valid
Phora Durbar Kathmandu,O3,2025-02-07 03:00 PM,2025,02,07,15,33.0,31,Good,31.0,PPB,1 Hr,Valid
Phora Durbar Kathmandu,O3,2025-02-07 04:00 PM,2025,02,07,16,27.0,25,Good,29.0,PPB,1 Hr,Valid
Phora Durbar Kathmandu,O3,2025-02-07 05:00 PM,2025,02,07,17,20.0,19,Good,27.0,PPB,1 Hr,Valid
Phora Durbar Kathmandu,O3,2025-02-07 06:00 PM,2025,02,07,18,18.0,17,Good,23.0,PPB,1 Hr,Valid
Phora Durbar Kathmandu,O3,2025-02-07 07:00 PM,2025,02,07,19,14.0,13,Good,5.0,PPB,1 Hr,Valid
Phora Durbar Kathmandu,O3,2025-02-07 08:00 PM,2025,02,07,20,11.0,10,Good,3.0,PPB,1 Hr,Valid
Phora Durbar Kathmandu,O3,2025-02-07 09:00 PM,2025,02,07,21,9.0,8,Good,2.0,PPB,1 Hr,Valid
Phora Durbar Kathmandu,O3,2025-02-07 10:00 PM,2025,02,07,22,5.0,5,Good,3.0,PPB,1 Hr,Valid
Phora Durbar Kathmandu,O3,2025-02-07 11:00 PM,2025,02,07,23,1.0,1,Good,1.0,PPB,1 Hr,Valid
Phora Durbar Kathmandu,O3,2025-02-08 12:00 AM,2025,02,08,00,2.0,2,Good,2.0,PPB,1 Hr,Valid
Phora Durbar Kathmandu,O3,2025-02-08 01:00 AM,2025,02,08,01,2.0,2,Good,2.0,PPB,1 Hr,Valid
Phora Durbar Kathmandu,O3,2025-02-08 02:00 AM,2025,02,08,02,3.0,3,Good,2.0,PPB,1 Hr,Valid
Phora Durbar Kathmandu,O3,2025-02-08 03:00 AM,2025,02,08,03,3.0,3,Good,2.0,PPB,1 Hr,Valid
Phora Durbar Kathmandu,O3,2025-02-08 04:00 AM,2025,02,08,04,4.0,4,Good,4.0,PPB,1 Hr,Valid
Phora Durbar Kathmandu,O3,2025-02-08 05:00 AM,2025,02,08,05,2.0,2,Good,2.0,PPB,1 Hr,Valid
Phora Durbar Kathmandu,O3,2025-02-08 06:00 AM,2025,02,08,06,2.0,2,Good,3.0,PPB,1 Hr,Valid
Phora Durbar Kathmandu,O3,2025-02-08 07:00 AM,2025,02,08,07,3.0,3,Good,2.0,PPB,1 Hr,Valid
Phora Durbar Kathmandu,O3,2025-02-08 08:00 AM,2025,02,08,08,8.0,7,Good,2.0,PPB,1 Hr,Valid
Phora Durbar Kathmandu,O3,2025-02-08 09:00 AM,2025,02,08,09,14.0,13,Good,4.0,PPB,1 Hr,Valid
Phora Durbar Kathmandu,O3,2025-02-08 10:00 AM,2025,02,08,10,21.0,19,Good,15.0,PPB,1 Hr,Valid
Phora Durbar Kathmandu,O3,2025-02-08 11:00 AM,2025,02,08,11,24.0,22,Good,33.0,PPB,1 Hr,Valid
Phora Durbar Kathmandu,O3,2025-02-08 12:00 PM,2025,02,08,12,26.0,24,Good,46.0,PPB,1 Hr,Valid
Phora Durbar Kathmandu,O3,2025-02-08 01:00 PM,2025,02,08,13,34.0,31,Good,63.0,PPB,1 Hr,Valid
Phora Durbar Kathmandu,O3,2025-02-08 02:00 PM,2025,02,08,14,38.0,35,Good,44.0,PPB,1 Hr,Valid
Phora Durbar Kathmandu,O3,2025-02-08 03:00 PM,2025,02,08,15,40.0,37,Good,39.0,PPB,1 Hr,Valid
Phora Durbar Kathmandu,O3,2025-02-08 04:00 PM,2025,02,08,16,37.0,34,Good,40.0,PPB,1 Hr,Valid
Phora Durbar Kathmandu,O3,2025-02-08 05:00 PM,2025,02,08,17,34.0,31,Good,39.0,PPB,1 Hr,Valid
Phora Durbar Kathmandu,O3,2025-02-08 06:00 PM,2025,02,08,18,28.0,26,Good,33.0,PPB,1 Hr,Valid
Phora Durbar Kathmandu,O3,2025-02-08 07:00 PM,2025,02,08,19,24.0,22,Good,21.0,PPB,1 Hr,Valid
Phora Durbar Kathmandu,O3,2025-02-08 08:00 PM,2025,02,08,20,22.0,20,Good,23.0,PPB,1 Hr,Valid
Phora Durbar Kathmandu,O3,2025-02-08 09:00 PM,2025,02,08,21,20.0,19,Good,20.0,PPB,1 Hr,Valid
Phora Durbar Kathmandu,O3,2025-02-08 10:00 PM,2025,02,08,22,16.0,15,Good,15.0,PPB,1 Hr,Valid
Phora Durbar Kathmandu,O3,2025-02-08 11:00 PM,2025,02,08,23,12.0,11,Good,8.0,PPB,1 Hr,Valid
Phora Durbar Kathmandu,O3,2025-02-09 12:00 AM,2025,02,09,00,13.0,12,Good,12.0,PPB,1 Hr,Valid
Phora Durbar Kathmandu,O3,2025-02-09 01:00 AM,2025,02,09,01,10.0,9,Good,8.0,PPB,1 Hr,Valid
Phora Durbar Kathmandu,O3,2025-02-09 02:00 AM,2025,02,09,02,10.0,9,Good,8.0,PPB,1 Hr,Valid
Phora Durbar Kathmandu,O3,2025-02-09 03:00 AM,2025,02,09,03,8.0,7,Good,11.0,PPB,1 Hr,Valid
Phora Durbar Kathmandu,O3,2025-02-09 04:00 AM,2025,02,09,04,9.0,8,Good,11.0,PPB,1 Hr,Valid
Phora Durbar Kathmandu,O3,2025-02-09 05:00 AM,2025,02,09,05,8.0,7,Good,6.0,PPB,1 Hr,Valid
Phora Durbar Kathmandu,O3,2025-02-09 06:00 AM,2025,02,09,06,7.0,6,Good,1.0,PPB,1 Hr,Valid
Phora Durbar Kathmandu,O3,2025-02-09 07:00 AM,2025,02,09,07,7.0,6,Good,-999.0,PPB,1 Hr,Missing
Phora Durbar Kathmandu,O3,2025-02-09 08:00 AM,2025,02,09,08,12.0,11,Good,2.0,PPB,1 Hr,Valid
Phora Durbar Kathmandu,O3,2025-02-09 09:00 AM,2025,02,09,09,14.0,13,Good,6.0,PPB,1 Hr,Valid
Phora Durbar Kathmandu,O3,2025-02-09 10:00 AM,2025,02,09,10,19.0,18,Good,19.0,PPB,1 Hr,Valid
Phora Durbar Kathmandu,O3,2025-02-09 11:00 AM,2025,02,09,11,23.0,21,Good,33.0,PPB,1 Hr,Valid
Phora Durbar Kathmandu,O3,2025-02-09 12:00 PM,2025,02,09,12,26.0,24,Good,42.0,PPB,1 Hr,Valid
Phora Durbar Kathmandu,O3,2025-02-09 01:00 PM,2025,02,09,13,33.0,31,Good,52.0,PPB,1 Hr,Valid
Phora Durbar Kathmandu,O3,2025-02-09 02:00 PM,2025,02,09,14,39.0,36,Good,51.0,PPB,1 Hr,Valid
Phora Durbar Kathmandu,O3,2025-02-09 03:00 PM,2025,02,09,15,38.0,35,Good,38.0,PPB,1 Hr,Valid
Phora Durbar Kathmandu,O3,2025-02-09 04:00 PM,2025,02,09,16,36.0,33,Good,37.0,PPB,1 Hr,Valid
Phora Durbar Kathmandu,O3,2025-02-09 05:00 PM,2025,02,09,17,33.0,31,Good,38.0,PPB,1 Hr,Valid
Phora Durbar Kathmandu,O3,2025-02-09 06:00 PM,2025,02,09,18,30.0,28,Good,34.0,PPB,1 Hr,Valid
Phora Durbar Kathmandu,O3,2025-02-09 07:00 PM,2025,02,09,19,28.0,26,Good,31.0,PPB,1 Hr,Valid
Phora Durbar Kathmandu,O3,2025-02-09 08:00 PM,2025,02,09,20,26.0,24,Good,26.0,PPB,1 Hr,Valid
Phora Durbar Kathmandu,O3,2025-02-09 09:00 PM,2025,02,09,21,24.0,22,Good,24.0,PPB,1 Hr,Valid
Phora Durbar Kathmandu,O3,2025-02-09 10:00 PM,2025,02,09,22,21.0,19,Good,14.0,PPB,1 Hr,Valid
Phora Durbar Kathmandu,O3,2025-02-09 11:00 PM,2025,02,09,23,17.0,16,Good,3.0,PPB,1 Hr,Valid
Phora Durbar Kathmandu,O3,2025-02-10 12:00 AM,2025,02,10,00,14.0,13,Good,7.0,PPB,1 Hr,Valid
Phora Durbar Kathmandu,O3,2025-02-10 01:00 AM,2025,02,10,01,10.0,9,Good,5.0,PPB,1 Hr,Valid
Phora Durbar Kathmandu,O3,2025-02-10 02:00 AM,2025,02,10,02,7.0,6,Good,7.0,PPB,1 Hr,Valid
Phora Durbar Kathmandu,O3,2025-02-10 03:00 AM,2025,02,10,03,5.0,5,Good,2.0,PPB,1 Hr,Valid
Phora Durbar Kathmandu,O3,2025-02-10 04:00 AM,2025,02,10,04,5.0,5,Good,6.0,PPB,1 Hr,Valid
Phora Durbar Kathmandu,O3,2025-02-10 05:00 AM,2025,02,10,05,3.0,3,Good,2.0,PPB,1 Hr,Valid
Phora Durbar Kathmandu,O3,2025-02-10 06:00 AM,2025,02,10,06,4.0,4,Good,1.0,PPB,1 Hr,Valid
Phora Durbar Kathmandu,O3,2025-02-10 07:00 AM,2025,02,10,07,5.0,5,Good,0.0,PPB,1 Hr,Valid
Phora Durbar Kathmandu,O3,2025-02-10 08:00 AM,2025,02,10,08,8.0,7,Good,0.0,PPB,1 Hr,Valid
Phora Durbar Kathmandu,O3,2025-02-10 09:00 AM,2025,02,10,09,12.0,11,Good,1.0,PPB,1 Hr,Valid
Phora Durbar Kathmandu,O3,2025-02-10 10:00 AM,2025,02,10,10,18.0,17,Good,10.0,PPB,1 Hr,Valid
Phora Durbar Kathmandu,O3,2025-02-10 11:00 AM,2025,02,10,11,24.0,22,Good,30.0,PPB,1 Hr,Valid
Phora Durbar Kathmandu,O3,2025-02-10 12:00 PM,2025,02,10,12,28.0,26,Good,45.0,PPB,1 Hr,Valid
Phora Durbar Kathmandu,O3,2025-02-10 01:00 PM,2025,02,10,13,34.0,31,Good,59.0,PPB,1 Hr,Valid
Phora Durbar Kathmandu,O3,2025-02-10 02:00 PM,2025,02,10,14,37.0,34,Good,46.0,PPB,1 Hr,Valid
Phora Durbar Kathmandu,O3,2025-02-10 03:00 PM,2025,02,10,15,39.0,36,Good,35.0,PPB,1 Hr,Valid
Phora Durbar Kathmandu,O3,2025-02-10 04:00 PM,2025,02,10,16,39.0,36,Good,39.0,PPB,1 Hr,Valid
Phora Durbar Kathmandu,O3,2025-02-10 05:00 PM,2025,02,10,17,36.0,33,Good,38.0,PPB,1 Hr,Valid
Phora Durbar Kathmandu,O3,2025-02-10 06:00 PM,2025,02,10,18,32.0,30,Good,31.0,PPB,1 Hr,Valid
Phora Durbar Kathmandu,O3,2025-02-10 07:00 PM,2025,02,10,19,25.0,23,Good,19.0,PPB,1 Hr,Valid
Phora Durbar Kathmandu,O3,2025-02-10 08:00 PM,2025,02,10,20,23.0,21,Good,20.0,PPB,1 Hr,Valid
Phora Durbar Kathmandu,O3,2025-02-10 09:00 PM,2025,02,10,21,17.0,16,Good,16.0,PPB,1 Hr,Valid
Phora Durbar Kathmandu,O3,2025-02-10 10:00 PM,2025,02,10,22,14.0,13,Good,9.0,PPB,1 Hr,Valid
Phora Durbar Kathmandu,O3,2025-02-10 11:00 PM,2025,02,10,23,9.0,8,Good,2.0,PPB,1 Hr,Valid
Phora Durbar Kathmandu,O3,2025-02-11 12:00 AM,2025,02,11,00,8.0,7,Good,0.0,PPB,1 Hr,Valid
Phora Durbar Kathmandu,O3,2025-02-11 01:00 AM,2025,02,11,01,4.0,4,Good,3.0,PPB,1 Hr,Valid
Phora Durbar Kathmandu,O3,2025-02-11 02:00 AM,2025,02,11,02,3.0,3,Good,6.0,PPB,1 Hr,Valid
Phora Durbar Kathmandu,O3,2025-02-11 03:00 AM,2025,02,11,03,0.0,0,Good,6.0,PPB,1 Hr,Valid
Phora Durbar Kathmandu,O3,2025-02-11 04:00 AM,2025,02,11,04,1.0,1,Good,3.0,PPB,1 Hr,Valid
Phora Durbar Kathmandu,O3,2025-02-11 05:00 AM,2025,02,11,05,0.0,0,Good,3.0,PPB,1 Hr,Valid
Phora Durbar Kathmandu,O3,2025-02-11 06:00 AM,2025,02,11,06,3.0,3,Good,9.0,PPB,1 Hr,Valid
Phora Durbar Kathmandu,O3,2025-02-11 07:00 AM,2025,02,11,07,8.0,7,Good,18.0,PPB,1 Hr,Valid
Phora Durbar Kathmandu,O3,2025-02-11 08:00 AM,2025,02,11,08,13.0,12,Good,15.0,PPB,1 Hr,Valid
Phora Durbar Kathmandu,O3,2025-02-11 09:00 AM,2025,02,11,09,22.0,20,Good,20.0,PPB,1 Hr,Valid
Phora Durbar Kathmandu,O3,2025-02-11 10:00 AM,2025,02,11,10,31.0,29,Good,31.0,PPB,1 Hr,Valid
Phora Durbar Kathmandu,O3,2025-02-11 11:00 AM,2025,02,11,11,35.0,32,Good,41.0,PPB,1 Hr,Valid
Phora Durbar Kathmandu,O3,2025-02-11 12:00 PM,2025,02,11,12,34.0,31,Good,39.0,PPB,1 Hr,Valid
Phora Durbar Kathmandu,O3,2025-02-11 01:00 PM,2025,02,11,13,29.0,27,Good,29.0,PPB,1 Hr,Valid
Phora Durbar Kathmandu,O3,2025-02-11 02:00 PM,2025,02,11,14,29.0,27,Good,30.0,PPB,1 Hr,Valid
Phora Durbar Kathmandu,O3,2025-02-11 03:00 PM,2025,02,11,15,28.0,26,Good,32.0,PPB,1 Hr,Valid
Phora Durbar Kathmandu,O3,2025-02-11 04:00 PM,2025,02,11,16,25.0,23,Good,33.0,PPB,1 Hr,Valid
Phora Durbar Kathmandu,O3,2025-02-11 05:00 PM,2025,02,11,17,22.0,20,Good,33.0,PPB,1 Hr,Valid
Phora Durbar Kathmandu,O3,2025-02-11 06:00 PM,2025,02,11,18,20.0,19,Good,25.0,PPB,1 Hr,Valid
Phora Durbar Kathmandu,O3,2025-02-11 07:00 PM,2025,02,11,19,18.0,17,Good,20.0,PPB,1 Hr,Valid
Phora Durbar Kathmandu,O3,2025-02-11 08:00 PM,2025,02,11,20,15.0,14,Good,13.0,PPB,1 Hr,Valid
Phora Durbar Kathmandu,O3,2025-02-11 09:00 PM,2025,02,11,21,11.0,10,Good,4.0,PPB,1 Hr,Valid
Phora Durbar Kathmandu,O3,2025-02-11 10:00 PM,2025,02,11,22,10.0,9,Good,13.0,PPB,1 Hr,Valid
Phora Durbar Kathmandu,O3,2025-02-11 11:00 PM,2025,02,11,23,9.0,8,Good,12.0,PPB,1 Hr,Valid
Phora Durbar Kathmandu,O3,2025-02-12 12:00 AM,2025,02,12,00,6.0,6,Good,1.0,PPB,1 Hr,Valid
Phora Durbar Kathmandu,O3,2025-02-12 01:00 AM,2025,02,12,01,6.0,6,Good,5.0,PPB,1 Hr,Valid
Phora Durbar Kathmandu,O3,2025-02-12 02:00 AM,2025,02,12,02,3.0,3,Good,7.0,PPB,1 Hr,Valid
Phora Durbar Kathmandu,O3,2025-02-12 03:00 AM,2025,02,12,03,3.0,3,Good,5.0,PPB,1 Hr,Valid
Phora Durbar Kathmandu,O3,2025-02-12 04:00 AM,2025,02,12,04,4.0,4,Good,4.0,PPB,1 Hr,Valid
Phora Durbar Kathmandu,O3,2025-02-12 05:00 AM,2025,02,12,05,4.0,4,Good,9.0,PPB,1 Hr,Valid
Phora Durbar Kathmandu,O3,2025-02-12 06:00 AM,2025,02,12,06,3.0,3,Good,4.0,PPB,1 Hr,Valid
Phora Durbar Kathmandu,O3,2025-02-12 07:00 AM,2025,02,12,07,3.0,3,Good,-999.0,PPB,1 Hr,Missing
Phora Durbar Kathmandu,O3,2025-02-12 08:00 AM,2025,02,12,08,13.0,12,Good,12.0,PPB,1 Hr,Valid
Phora Durbar Kathmandu,O3,2025-02-12 09:00 AM,2025,02,12,09,16.0,15,Good,13.0,PPB,1 Hr,Valid
Phora Durbar Kathmandu,O3,2025-02-12 10:00 AM,2025,02,12,10,22.0,20,Good,20.0,PPB,1 Hr,Valid
Phora Durbar Kathmandu,O3,2025-02-12 11:00 AM,2025,02,12,11,27.0,25,Good,33.0,PPB,1 Hr,Valid
Phora Durbar Kathmandu,O3,2025-02-12 12:00 PM,2025,02,12,12,27.0,25,Good,34.0,PPB,1 Hr,Valid
Phora Durbar Kathmandu,O3,2025-02-12 01:00 PM,2025,02,12,13,31.0,29,Good,43.0,PPB,1 Hr,Valid
Phora Durbar Kathmandu,O3,2025-02-12 02:00 PM,2025,02,12,14,36.0,33,Good,44.0,PPB,1 Hr,Valid
Phora Durbar Kathmandu,O3,2025-02-12 03:00 PM,2025,02,12,15,39.0,36,Good,40.0,PPB,1 Hr,Valid
Phora Durbar Kathmandu,O3,2025-02-12 04:00 PM,2025,02,12,16,38.0,35,Good,40.0,PPB,1 Hr,Valid
Phora Durbar Kathmandu,O3,2025-02-12 05:00 PM,2025,02,12,17,35.0,32,Good,37.0,PPB,1 Hr,Valid
Phora Durbar Kathmandu,O3,2025-02-12 06:00 PM,2025,02,12,18,35.0,32,Good,-999.0,PPB,1 Hr,Missing
Phora Durbar Kathmandu,O3,2025-02-12 07:00 PM,2025,02,12,19,35.0,32,Good,-999.0,PPB,1 Hr,Missing
